[ +149 ms] Artifact Instance of 'AndroidGenSnapshotArtifacts' is not required, skipping update.
[   +2 ms] Artifact Instance of 'AndroidInternalBuildArtifacts' is not required, skipping update.
[        ] Artifact Instance of 'IOSEngineArtifacts' is not required, skipping update.
[        ] Artifact Instance of 'FlutterWebSdk' is not required, skipping update.
[        ] Artifact Instance of 'LegacyCanvasKitRemover' is not required, skipping update.
[   +5 ms] Artifact Instance of 'WindowsEngineArtifacts' is not required, skipping update.
[        ] Artifact Instance of 'MacOSEngineArtifacts' is not required, skipping update.
[        ] Artifact Instance of 'LinuxEngineArtifacts' is not required, skipping update.
[        ] Artifact Instance of 'LinuxFuchsiaSDKArtifacts' is not required, skipping update.
[   +1 ms] Artifact Instance of 'MacOSFuchsiaSDKArtifacts' is not required, skipping update.
[        ] Artifact Instance of 'FlutterRunnerSDKArtifacts' is not required, skipping update.
[        ] Artifact Instance of 'FlutterRunnerDebugSymbols' is not required, skipping update.
[  +70 ms] Artifact Instance of 'MaterialFonts' is not required, skipping update.
[        ] Artifact Instance of 'GradleWrapper' is not required, skipping update.
[        ] Artifact Instance of 'AndroidGenSnapshotArtifacts' is not required, skipping update.
[        ] Artifact Instance of 'AndroidInternalBuildArtifacts' is not required, skipping update.
[        ] Artifact Instance of 'IOSEngineArtifacts' is not required, skipping update.
[        ] Artifact Instance of 'FlutterWebSdk' is not required, skipping update.
[        ] Artifact Instance of 'LegacyCanvasKitRemover' is not required, skipping update.
[        ] Artifact Instance of 'FlutterSdk' is not required, skipping update.
[        ] Artifact Instance of 'WindowsEngineArtifacts' is not required, skipping update.
[        ] Artifact Instance of 'MacOSEngineArtifacts' is not required, skipping update.
[        ] Artifact Instance of 'LinuxEngineArtifacts' is not required, skipping update.
[        ] Artifact Instance of 'LinuxFuchsiaSDKArtifacts' is not required, skipping update.
[        ] Artifact Instance of 'MacOSFuchsiaSDKArtifacts' is not required, skipping update.
[        ] Artifact Instance of 'FlutterRunnerSDKArtifacts' is not required, skipping update.
[        ] Artifact Instance of 'FlutterRunnerDebugSymbols' is not required, skipping update.
[        ] Artifact Instance of 'IosUsbArtifacts' is not required, skipping update.
[        ] Artifact Instance of 'IosUsbArtifacts' is not required, skipping update.
[        ] Artifact Instance of 'IosUsbArtifacts' is not required, skipping update.
[        ] Artifact Instance of 'IosUsbArtifacts' is not required, skipping update.
[        ] Artifact Instance of 'IosUsbArtifacts' is not required, skipping update.
[        ] Artifact Instance of 'FontSubsetArtifacts' is not required, skipping update.
[        ] Artifact Instance of 'PubDependencies' is not required, skipping update.
[ +105 ms] executing: [C:\dev\muaman-13i-environment-b-independent-source-extraction-root\app/] C:\dev\muaman-13i-environment-b-independent-flutter-sdk-installation-root\sdk\bin\cache\dart-sdk\bin\dart pub --suppress-analytics get -v --example --directory .
FINE: Pub 3.5.4
MSG : Resolving dependencies...
SLVR: fact: muaman_store is 1.0.0+1
SLVR: derived: muaman_store
SLVR: fact: muaman_store depends on flutter from sdk
SLVR: fact: muaman_store depends on flutter_localizations from sdk
SLVR: fact: muaman_store depends on sqflite ^2.3.2
SLVR: fact: muaman_store depends on sqflite_common_ffi ^2.3.3
SLVR: fact: muaman_store depends on path ^1.9.0
SLVR: fact: muaman_store depends on intl ^0.19.0
SLVR: fact: muaman_store depends on crypto ^3.0.6
SLVR: fact: muaman_store depends on cupertino_icons ^1.0.8
SLVR: fact: muaman_store depends on pdf ^3.11.1
SLVR: fact: muaman_store depends on printing ^5.13.4
SLVR: fact: muaman_store depends on xml ^6.5.0
SLVR: fact: muaman_store depends on archive ^3.6.1
SLVR: fact: muaman_store depends on flutter_test from sdk
SLVR: fact: muaman_store depends on integration_test from sdk
SLVR: fact: muaman_store depends on flutter_lints ^4.0.0
SLVR:   selecting muaman_store
SLVR:   derived: flutter_lints ^4.0.0
SLVR:   derived: integration_test from sdk
SLVR:   derived: flutter_test from sdk
SLVR:   derived: archive ^3.6.1
SLVR:   derived: xml ^6.5.0
SLVR:   derived: printing ^5.13.4
SLVR:   derived: pdf ^3.11.1
SLVR:   derived: cupertino_icons ^1.0.8
SLVR:   derived: crypto ^3.0.6
SLVR:   derived: intl ^0.19.0
SLVR:   derived: path ^1.9.0
SLVR:   derived: sqflite_common_ffi ^2.3.3
SLVR:   derived: sqflite ^2.3.2
SLVR:   derived: flutter_localizations from sdk
SLVR:   derived: flutter from sdk
SLVR:   fact: flutter_lints 4.0.0 depends on lints ^4.0.0
SLVR:     selecting flutter_lints 4.0.0
SLVR:     derived: lints ^4.0.0
SLVR:     fact: integration_test 0.0.0 from sdk depends on flutter from sdk
SLVR:     fact: integration_test 0.0.0 from sdk depends on flutter_driver from sdk
SLVR:     fact: integration_test 0.0.0 from sdk depends on flutter_test from sdk
SLVR:     fact: integration_test 0.0.0 from sdk depends on path 1.9.0
SLVR:     fact: integration_test 0.0.0 from sdk depends on vm_service 14.2.5
SLVR:     fact: integration_test 0.0.0 from sdk depends on async 2.11.0
SLVR:     fact: integration_test 0.0.0 from sdk depends on boolean_selector 2.1.1
SLVR:     fact: integration_test 0.0.0 from sdk depends on characters 1.3.0
SLVR:     fact: integration_test 0.0.0 from sdk depends on clock 1.1.1
SLVR:     fact: integration_test 0.0.0 from sdk depends on collection 1.18.0
SLVR:     fact: integration_test 0.0.0 from sdk depends on fake_async 1.3.1
SLVR:     fact: integration_test 0.0.0 from sdk depends on file 7.0.0
SLVR:     fact: integration_test 0.0.0 from sdk depends on leak_tracker 10.0.5
SLVR:     fact: integration_test 0.0.0 from sdk depends on leak_tracker_flutter_testing 3.0.5
SLVR:     fact: integration_test 0.0.0 from sdk depends on leak_tracker_testing 3.0.1
SLVR:     fact: integration_test 0.0.0 from sdk depends on matcher 0.12.16+1
SLVR:     fact: integration_test 0.0.0 from sdk depends on material_color_utilities 0.11.1
SLVR:     fact: integration_test 0.0.0 from sdk depends on meta 1.15.0
SLVR:     fact: integration_test 0.0.0 from sdk depends on source_span 1.10.0
SLVR:     fact: integration_test 0.0.0 from sdk depends on stack_trace 1.11.1
SLVR:     fact: integration_test 0.0.0 from sdk depends on stream_channel 2.1.2
SLVR:     fact: integration_test 0.0.0 from sdk depends on string_scanner 1.2.0
SLVR:     fact: integration_test 0.0.0 from sdk depends on sync_http 0.3.1
SLVR:     fact: integration_test 0.0.0 from sdk depends on term_glyph 1.2.1
SLVR:     fact: integration_test 0.0.0 from sdk depends on test_api 0.7.2
SLVR:     fact: integration_test 0.0.0 from sdk depends on vector_math 2.1.4
SLVR:     fact: integration_test 0.0.0 from sdk depends on webdriver 3.0.3
SLVR:       selecting integration_test 0.0.0 from sdk
SLVR:       derived: webdriver 3.0.3
SLVR:       derived: vector_math 2.1.4
SLVR:       derived: test_api 0.7.2
SLVR:       derived: term_glyph 1.2.1
SLVR:       derived: sync_http 0.3.1
SLVR:       derived: string_scanner 1.2.0
SLVR:       derived: stream_channel 2.1.2
SLVR:       derived: stack_trace 1.11.1
SLVR:       derived: source_span 1.10.0
SLVR:       derived: meta 1.15.0
SLVR:       derived: material_color_utilities 0.11.1
SLVR:       derived: matcher 0.12.16+1
SLVR:       derived: leak_tracker_testing 3.0.1
SLVR:       derived: leak_tracker_flutter_testing 3.0.5
SLVR:       derived: leak_tracker 10.0.5
SLVR:       derived: file 7.0.0
SLVR:       derived: fake_async 1.3.1
SLVR:       derived: collection 1.18.0
SLVR:       derived: clock 1.1.1
SLVR:       derived: characters 1.3.0
SLVR:       derived: boolean_selector 2.1.1
SLVR:       derived: async 2.11.0
SLVR:       derived: vm_service 14.2.5
SLVR:       derived: path 1.9.0
SLVR:       derived: flutter_driver from sdk
SLVR:       fact: flutter_test 0.0.0 from sdk depends on flutter from sdk
SLVR:       fact: flutter_test 0.0.0 from sdk depends on test_api 0.7.2
SLVR:       fact: flutter_test 0.0.0 from sdk depends on matcher 0.12.16+1
SLVR:       fact: flutter_test 0.0.0 from sdk depends on path 1.9.0
SLVR:       fact: flutter_test 0.0.0 from sdk depends on fake_async 1.3.1
SLVR:       fact: flutter_test 0.0.0 from sdk depends on clock 1.1.1
SLVR:       fact: flutter_test 0.0.0 from sdk depends on stack_trace 1.11.1
SLVR:       fact: flutter_test 0.0.0 from sdk depends on vector_math 2.1.4
SLVR:       fact: flutter_test 0.0.0 from sdk depends on leak_tracker_flutter_testing 3.0.5
SLVR:       fact: flutter_test 0.0.0 from sdk depends on async 2.11.0
SLVR:       fact: flutter_test 0.0.0 from sdk depends on boolean_selector 2.1.1
SLVR:       fact: flutter_test 0.0.0 from sdk depends on characters 1.3.0
SLVR:       fact: flutter_test 0.0.0 from sdk depends on collection 1.18.0
SLVR:       fact: flutter_test 0.0.0 from sdk depends on leak_tracker 10.0.5
SLVR:       fact: flutter_test 0.0.0 from sdk depends on leak_tracker_testing 3.0.1
SLVR:       fact: flutter_test 0.0.0 from sdk depends on material_color_utilities 0.11.1
SLVR:       fact: flutter_test 0.0.0 from sdk depends on meta 1.15.0
SLVR:       fact: flutter_test 0.0.0 from sdk depends on source_span 1.10.0
SLVR:       fact: flutter_test 0.0.0 from sdk depends on stream_channel 2.1.2
SLVR:       fact: flutter_test 0.0.0 from sdk depends on string_scanner 1.2.0
SLVR:       fact: flutter_test 0.0.0 from sdk depends on term_glyph 1.2.1
SLVR:       fact: flutter_test 0.0.0 from sdk depends on vm_service 14.2.5
SLVR:         selecting flutter_test 0.0.0 from sdk
SLVR:         fact: archive 3.6.1 depends on crypto ^3.0.3
SLVR:         fact: archive 3.6.1 depends on path ^1.8.0
SLVR:           selecting archive 3.6.1
SLVR:           fact: xml 6.5.0 depends on collection ^1.18.0
SLVR:           fact: xml 6.5.0 depends on meta ^1.9.0
SLVR:           fact: xml 6.5.0 depends on petitparser ^6.0.0
SLVR:             selecting xml 6.5.0
SLVR:             derived: petitparser ^6.0.0
SLVR:             fact: printing 5.14.3 depends on ffi >=1.1.0 <3.0.0
SLVR:             fact: printing 5.14.3 depends on flutter from sdk
SLVR:             fact: printing 5.14.3 depends on flutter_web_plugins from sdk
SLVR:             fact: printing 5.14.3 depends on http >=0.13.0 <2.0.0
SLVR:             fact: printing 5.14.3 depends on image >=4.1.0 <=5.0.0
SLVR:             fact: printing 5.14.3 depends on meta ^1.3.0
SLVR:             fact: printing 5.14.3 depends on pdf ^3.10.0
SLVR:             fact: printing 5.14.3 depends on pdf_widget_wrapper ^1.0.4
SLVR:             fact: printing 5.14.3 depends on plugin_platform_interface ^2.1.0
SLVR:             fact: printing 5.14.3 depends on web ^1.0.0
SLVR:               selecting printing 5.14.3
SLVR:               derived: web ^1.0.0
SLVR:               derived: plugin_platform_interface ^2.1.0
SLVR:               derived: pdf_widget_wrapper ^1.0.4
SLVR:               derived: image >=4.1.0 <=5.0.0
SLVR:               derived: http >=0.13.0 <2.0.0
SLVR:               derived: flutter_web_plugins from sdk
SLVR:               derived: ffi >=1.1.0 <3.0.0
SLVR:               fact: pdf 3.11.3 depends on archive >=3.4.0 <4.1.0
SLVR:               fact: pdf 3.11.3 depends on barcode ^2.2.3
SLVR:               fact: pdf 3.11.3 depends on bidi ^2.0.10
SLVR:               fact: pdf 3.11.3 depends on crypto ^3.0.0
SLVR:               fact: pdf 3.11.3 depends on image >=4.1.0 <4.6.0
SLVR:               fact: pdf 3.11.3 depends on meta ^1.3.0
SLVR:               fact: pdf 3.11.3 depends on path_parsing >=0.2.0 <2.0.0
SLVR:               fact: pdf 3.11.3 depends on vector_math ^2.1.0
SLVR:               fact: pdf 3.11.3 depends on xml ^6.3.0
SLVR:                 selecting pdf 3.11.3
SLVR:                 derived: path_parsing >=0.2.0 <2.0.0
SLVR:                 derived: image >=4.1.0 <4.6.0
SLVR:                 derived: bidi ^2.0.10
SLVR:                 derived: barcode ^2.2.3
SLVR:                   selecting cupertino_icons 1.0.8
SLVR:                   fact: crypto 3.0.7 depends on typed_data ^1.3.0
SLVR:                     selecting crypto 3.0.7
SLVR:                     derived: typed_data ^1.3.0
SLVR:                     fact: intl 0.19.0 depends on clock ^1.1.0
SLVR:                     fact: intl 0.19.0 depends on meta ^1.0.2
SLVR:                     fact: intl 0.19.0 depends on path ^1.8.0
SLVR:                       selecting intl 0.19.0
SLVR:                         selecting path 1.9.0
SLVR:                         fact: sqflite_common_ffi 2.3.4+4 depends on sqlite3 >=2.3.0 <4.0.0
SLVR:                         fact: sqflite_common_ffi 2.3.4+4 depends on sqflite_common >=2.5.4+2 <4.0.0
SLVR:                         fact: sqflite_common_ffi 2.3.4+4 depends on synchronized >=3.0.0 <5.0.0
SLVR:                         fact: sqflite_common_ffi 2.3.4+4 depends on path >=1.8.0 <3.0.0
SLVR:                         fact: sqflite_common_ffi 2.3.4+4 depends on meta >=1.3.0 <3.0.0
SLVR:                           selecting sqflite_common_ffi 2.3.4+4
SLVR:                           derived: synchronized >=3.0.0 <5.0.0
SLVR:                           derived: sqflite_common >=2.5.4+2 <4.0.0
SLVR:                           derived: sqlite3 >=2.3.0 <4.0.0
SLVR:                           fact: sqflite 2.4.1 depends on flutter from sdk
SLVR:                           fact: sqflite 2.4.1 depends on sqflite_android >=2.4.0-1 <4.0.0
SLVR:                           fact: sqflite 2.4.1 depends on sqflite_darwin >=2.4.1 <4.0.0
SLVR:                           fact: sqflite 2.4.1 depends on sqflite_platform_interface >=2.4.0-0 <4.0.0
SLVR:                           fact: sqflite 2.4.1 depends on sqflite_common >=2.5.0-1 <4.0.0
SLVR:                           fact: sqflite 2.4.1 depends on path >=1.8.0 <3.0.0
SLVR:                             selecting sqflite 2.4.1
SLVR:                             derived: sqflite_platform_interface >=2.4.0-0 <4.0.0
SLVR:                             derived: sqflite_darwin >=2.4.1 <4.0.0
SLVR:                             derived: sqflite_android >=2.4.0-1 <4.0.0
SLVR:                             fact: flutter_localizations 0.0.0 from sdk depends on flutter from sdk
SLVR:                             fact: flutter_localizations 0.0.0 from sdk depends on intl 0.19.0
SLVR:                             fact: flutter_localizations 0.0.0 from sdk depends on characters 1.3.0
SLVR:                             fact: flutter_localizations 0.0.0 from sdk depends on clock 1.1.1
SLVR:                             fact: flutter_localizations 0.0.0 from sdk depends on collection 1.18.0
SLVR:                             fact: flutter_localizations 0.0.0 from sdk depends on material_color_utilities 0.11.1
SLVR:                             fact: flutter_localizations 0.0.0 from sdk depends on meta 1.15.0
SLVR:                             fact: flutter_localizations 0.0.0 from sdk depends on path 1.9.0
SLVR:                             fact: flutter_localizations 0.0.0 from sdk depends on vector_math 2.1.4
SLVR:                               selecting flutter_localizations 0.0.0 from sdk
SLVR:                               fact: flutter 0.0.0 from sdk depends on characters 1.3.0
SLVR:                               fact: flutter 0.0.0 from sdk depends on collection 1.18.0
SLVR:                               fact: flutter 0.0.0 from sdk depends on material_color_utilities 0.11.1
SLVR:                               fact: flutter 0.0.0 from sdk depends on meta 1.15.0
SLVR:                               fact: flutter 0.0.0 from sdk depends on vector_math 2.1.4
SLVR:                               fact: flutter 0.0.0 from sdk depends on sky_engine from sdk
SLVR:                                 selecting flutter 0.0.0 from sdk
SLVR:                                 derived: sky_engine from sdk
SLVR:                                   selecting lints 4.0.0
SLVR:                                   fact: webdriver 3.0.3 depends on matcher ^0.12.10
SLVR:                                   fact: webdriver 3.0.3 depends on path ^1.8.0
SLVR:                                   fact: webdriver 3.0.3 depends on stack_trace ^1.10.0
SLVR:                                   fact: webdriver 3.0.3 depends on sync_http ^0.3.0
SLVR:                                     selecting webdriver 3.0.3
SLVR:                                       selecting vector_math 2.1.4
SLVR:                                       fact: test_api 0.7.2 depends on async ^2.5.0
SLVR:                                       fact: test_api 0.7.2 depends on boolean_selector ^2.1.0
SLVR:                                       fact: test_api 0.7.2 depends on collection ^1.15.0
SLVR:                                       fact: test_api 0.7.2 depends on meta ^1.14.0
SLVR:                                       fact: test_api 0.7.2 depends on source_span ^1.8.0
SLVR:                                       fact: test_api 0.7.2 depends on stack_trace ^1.10.0
SLVR:                                       fact: test_api 0.7.2 depends on stream_channel ^2.1.0
SLVR:                                       fact: test_api 0.7.2 depends on string_scanner ^1.1.0
SLVR:                                       fact: test_api 0.7.2 depends on term_glyph ^1.2.0
SLVR:                                         selecting test_api 0.7.2
SLVR:                                           selecting term_glyph 1.2.1
SLVR:                                             selecting sync_http 0.3.1
SLVR:                                             fact: string_scanner 1.2.0 depends on source_span ^1.8.0
SLVR:                                               selecting string_scanner 1.2.0
SLVR:                                               fact: stream_channel 2.1.2 depends on async ^2.5.0
SLVR:                                                 selecting stream_channel 2.1.2
SLVR:                                                 fact: stack_trace 1.11.1 depends on path ^1.8.0
SLVR:                                                   selecting stack_trace 1.11.1
SLVR:                                                   fact: source_span 1.10.0 depends on collection ^1.15.0
SLVR:                                                   fact: source_span 1.10.0 depends on path ^1.8.0
SLVR:                                                   fact: source_span 1.10.0 depends on term_glyph ^1.2.0
SLVR:                                                     selecting source_span 1.10.0
SLVR:                                                       selecting meta 1.15.0
SLVR:                                                       fact: material_color_utilities 0.11.1 depends on collection ^1.15.0
SLVR:                                                         selecting material_color_utilities 0.11.1
SLVR:                                                         fact: matcher 0.12.16+1 depends on async ^2.10.0
SLVR:                                                         fact: matcher 0.12.16+1 depends on meta ^1.8.0
SLVR:                                                         fact: matcher 0.12.16+1 depends on stack_trace ^1.10.0
SLVR:                                                         fact: matcher 0.12.16+1 depends on term_glyph ^1.2.0
SLVR:                                                         fact: matcher 0.12.16+1 depends on test_api >=0.5.0 <0.8.0
SLVR:                                                           selecting matcher 0.12.16+1
SLVR:                                                           fact: leak_tracker_testing 3.0.1 depends on leak_tracker >=9.0.0 <11.0.0
SLVR:                                                           fact: leak_tracker_testing 3.0.1 depends on matcher ^0.12.16
SLVR:                                                           fact: leak_tracker_testing 3.0.1 depends on meta ^1.11.0
SLVR:                                                             selecting leak_tracker_testing 3.0.1
SLVR:                                                             fact: leak_tracker_flutter_testing 3.0.5 depends on flutter from sdk
SLVR:                                                             fact: leak_tracker_flutter_testing 3.0.5 depends on leak_tracker ^10.0.5
SLVR:                                                             fact: leak_tracker_flutter_testing 3.0.5 depends on leak_tracker_testing ^3.0.1
SLVR:                                                             fact: leak_tracker_flutter_testing 3.0.5 depends on matcher ^0.12.16
SLVR:                                                             fact: leak_tracker_flutter_testing 3.0.5 depends on meta ^1.8.0
SLVR:                                                               selecting leak_tracker_flutter_testing 3.0.5
SLVR:                                                               fact: leak_tracker 10.0.5 depends on clock ^1.1.1
SLVR:                                                               fact: leak_tracker 10.0.5 depends on collection ^1.15.0
SLVR:                                                               fact: leak_tracker 10.0.5 depends on meta ^1.8.0
SLVR:                                                               fact: leak_tracker 10.0.5 depends on path ^1.8.3
SLVR:                                                               fact: leak_tracker 10.0.5 depends on vm_service >=11.10.0 <15.0.0
SLVR:                                                                 selecting leak_tracker 10.0.5
SLVR:                                                                 fact: file 7.0.0 depends on meta ^1.9.1
SLVR:                                                                 fact: file 7.0.0 depends on path ^1.8.3
SLVR:                                                                   selecting file 7.0.0
SLVR:                                                                   fact: fake_async 1.3.1 depends on clock ^1.1.0
SLVR:                                                                   fact: fake_async 1.3.1 depends on collection ^1.15.0
SLVR:                                                                     selecting fake_async 1.3.1
SLVR:                                                                       selecting collection 1.18.0
SLVR:                                                                         selecting clock 1.1.1
SLVR:                                                                           selecting characters 1.3.0
SLVR:                                                                           fact: boolean_selector 2.1.1 depends on source_span ^1.8.0
SLVR:                                                                           fact: boolean_selector 2.1.1 depends on string_scanner ^1.1.0
SLVR:                                                                             selecting boolean_selector 2.1.1
SLVR:                                                                             fact: async 2.11.0 depends on collection ^1.15.0
SLVR:                                                                             fact: async 2.11.0 depends on meta ^1.1.7
SLVR:                                                                               selecting async 2.11.0
SLVR:                                                                                 selecting vm_service 14.2.5
SLVR:                                                                                 fact: flutter_driver 0.0.0 from sdk depends on file 7.0.0
SLVR:                                                                                 fact: flutter_driver 0.0.0 from sdk depends on flutter from sdk
SLVR:                                                                                 fact: flutter_driver 0.0.0 from sdk depends on flutter_test from sdk
SLVR:                                                                                 fact: flutter_driver 0.0.0 from sdk depends on fuchsia_remote_debug_protocol from sdk
SLVR:                                                                                 fact: flutter_driver 0.0.0 from sdk depends on path 1.9.0
SLVR:                                                                                 fact: flutter_driver 0.0.0 from sdk depends on meta 1.15.0
SLVR:                                                                                 fact: flutter_driver 0.0.0 from sdk depends on vm_service 14.2.5
SLVR:                                                                                 fact: flutter_driver 0.0.0 from sdk depends on webdriver 3.0.3
SLVR:                                                                                 fact: flutter_driver 0.0.0 from sdk depends on async 2.11.0
SLVR:                                                                                 fact: flutter_driver 0.0.0 from sdk depends on boolean_selector 2.1.1
SLVR:                                                                                 fact: flutter_driver 0.0.0 from sdk depends on characters 1.3.0
SLVR:                                                                                 fact: flutter_driver 0.0.0 from sdk depends on clock 1.1.1
SLVR:                                                                                 fact: flutter_driver 0.0.0 from sdk depends on collection 1.18.0
SLVR:                                                                                 fact: flutter_driver 0.0.0 from sdk depends on leak_tracker 10.0.5
SLVR:                                                                                 fact: flutter_driver 0.0.0 from sdk depends on leak_tracker_flutter_testing 3.0.5
SLVR:                                                                                 fact: flutter_driver 0.0.0 from sdk depends on leak_tracker_testing 3.0.1
SLVR:                                                                                 fact: flutter_driver 0.0.0 from sdk depends on matcher 0.12.16+1
SLVR:                                                                                 fact: flutter_driver 0.0.0 from sdk depends on material_color_utilities 0.11.1
SLVR:                                                                                 fact: flutter_driver 0.0.0 from sdk depends on platform 3.1.5
SLVR:                                                                                 fact: flutter_driver 0.0.0 from sdk depends on process 5.0.2
SLVR:                                                                                 fact: flutter_driver 0.0.0 from sdk depends on source_span 1.10.0
SLVR:                                                                                 fact: flutter_driver 0.0.0 from sdk depends on stack_trace 1.11.1
SLVR:                                                                                 fact: flutter_driver 0.0.0 from sdk depends on stream_channel 2.1.2
SLVR:                                                                                 fact: flutter_driver 0.0.0 from sdk depends on string_scanner 1.2.0
SLVR:                                                                                 fact: flutter_driver 0.0.0 from sdk depends on sync_http 0.3.1
SLVR:                                                                                 fact: flutter_driver 0.0.0 from sdk depends on term_glyph 1.2.1
SLVR:                                                                                 fact: flutter_driver 0.0.0 from sdk depends on test_api 0.7.2
SLVR:                                                                                 fact: flutter_driver 0.0.0 from sdk depends on vector_math 2.1.4
SLVR:                                                                                   selecting flutter_driver 0.0.0 from sdk
SLVR:                                                                                   derived: process 5.0.2
SLVR:                                                                                   derived: platform 3.1.5
SLVR:                                                                                   derived: fuchsia_remote_debug_protocol from sdk
SLVR:                                                                                   fact: petitparser 6.0.2 depends on meta ^1.9.0
SLVR:                                                                                     selecting petitparser 6.0.2
SLVR:                                                                                       selecting web 1.1.1
SLVR:                                                                                       fact: plugin_platform_interface 2.1.8 depends on meta ^1.3.0
SLVR:                                                                                         selecting plugin_platform_interface 2.1.8
SLVR:                                                                                         fact: pdf_widget_wrapper 1.0.4 depends on flutter from sdk
SLVR:                                                                                         fact: pdf_widget_wrapper 1.0.4 depends on pdf ^3.10.0
SLVR:                                                                                           selecting pdf_widget_wrapper 1.0.4
SLVR:                                                                                           fact: image 4.3.0 depends on archive ^3.6.1
SLVR:                                                                                           fact: image 4.3.0 depends on meta ^1.3.0
SLVR:                                                                                           fact: image 4.3.0 depends on xml ^6.0.1
SLVR:                                                                                             selecting image 4.3.0
SLVR:                                                                                             fact: http 1.6.0 depends on async ^2.5.0
SLVR:                                                                                             fact: http 1.6.0 depends on http_parser ^4.0.0
SLVR:                                                                                             fact: http 1.6.0 depends on meta ^1.3.0
SLVR:                                                                                             fact: http 1.6.0 depends on web >=0.5.0 <2.0.0
SLVR:                                                                                               selecting http 1.6.0
SLVR:                                                                                               derived: http_parser ^4.0.0
SLVR:                                                                                               fact: flutter_web_plugins 0.0.0 from sdk depends on flutter from sdk
SLVR:                                                                                               fact: flutter_web_plugins 0.0.0 from sdk depends on characters 1.3.0
SLVR:                                                                                               fact: flutter_web_plugins 0.0.0 from sdk depends on collection 1.18.0
SLVR:                                                                                               fact: flutter_web_plugins 0.0.0 from sdk depends on material_color_utilities 0.11.1
SLVR:                                                                                               fact: flutter_web_plugins 0.0.0 from sdk depends on meta 1.15.0
SLVR:                                                                                               fact: flutter_web_plugins 0.0.0 from sdk depends on vector_math 2.1.4
SLVR:                                                                                                 selecting flutter_web_plugins 0.0.0 from sdk
SLVR:                                                                                                   selecting ffi 2.1.3
SLVR:                                                                                                   fact: path_parsing 1.1.0 depends on meta ^1.3.0
SLVR:                                                                                                   fact: path_parsing 1.1.0 depends on vector_math ^2.1.0
SLVR:                                                                                                     selecting path_parsing 1.1.0
SLVR:                                                                                                       selecting bidi 2.0.13
SLVR:                                                                                                       fact: barcode 2.2.9 depends on meta ^1.7.0
SLVR:                                                                                                       fact: barcode 2.2.9 depends on qr ^3.0.0
SLVR:                                                                                                         selecting barcode 2.2.9
SLVR:                                                                                                         derived: qr ^3.0.0
SLVR:                                                                                                         fact: typed_data 1.4.0 depends on collection ^1.15.0
SLVR:                                                                                                           selecting typed_data 1.4.0
SLVR:                                                                                                             selecting synchronized 3.3.0+3
SLVR:                                                                                                             fact: sqflite_common 2.5.4+6 depends on synchronized >=3.0.0 <5.0.0
SLVR:                                                                                                             fact: sqflite_common 2.5.4+6 depends on path >=1.8.0 <3.0.0
SLVR:                                                                                                             fact: sqflite_common 2.5.4+6 depends on meta >=1.14.0 <3.0.0
SLVR:                                                                                                               selecting sqflite_common 2.5.4+6
SLVR:                                                                                                               fact: sqlite3 2.9.4 depends on collection ^1.15.0
SLVR:                                                                                                               fact: sqlite3 2.9.4 depends on ffi >=1.2.1 <3.0.0
SLVR:                                                                                                               fact: sqlite3 2.9.4 depends on meta ^1.3.0
SLVR:                                                                                                               fact: sqlite3 2.9.4 depends on path ^1.8.0
SLVR:                                                                                                               fact: sqlite3 2.9.4 depends on web ^1.0.0
SLVR:                                                                                                               fact: sqlite3 2.9.4 depends on typed_data ^1.3.2
SLVR:                                                                                                                 selecting sqlite3 2.9.4
SLVR:                                                                                                                 fact: sqflite_platform_interface 2.4.0 depends on flutter from sdk
SLVR:                                                                                                                 fact: sqflite_platform_interface 2.4.0 depends on platform >=3.0.0 <5.0.0
SLVR:                                                                                                                 fact: sqflite_platform_interface 2.4.0 depends on sqflite_common >=2.5.4+5 <4.0.0
SLVR:                                                                                                                 fact: sqflite_platform_interface 2.4.0 depends on plugin_platform_interface >=2.1.7 <4.0.0
SLVR:                                                                                                                 fact: sqflite_platform_interface 2.4.0 depends on meta >=1.15.0 <3.0.0
SLVR:                                                                                                                   selecting sqflite_platform_interface 2.4.0
SLVR:                                                                                                                   fact: sqflite_darwin 2.4.1+1 depends on flutter from sdk
SLVR:                                                                                                                   fact: sqflite_darwin 2.4.1+1 depends on sqflite_platform_interface >=2.4.0-0 <4.0.0
SLVR:                                                                                                                   fact: sqflite_darwin 2.4.1+1 depends on meta >=1.7.0 <3.0.0
SLVR:                                                                                                                   fact: sqflite_darwin 2.4.1+1 depends on sqflite_common >=2.5.4+5 <4.0.0
SLVR:                                                                                                                   fact: sqflite_darwin 2.4.1+1 depends on path >=1.8.0 <3.0.0
SLVR:                                                                                                                     selecting sqflite_darwin 2.4.1+1
SLVR:                                                                                                                     fact: sqflite_android 2.4.0 depends on flutter from sdk
SLVR:                                                                                                                     fact: sqflite_android 2.4.0 depends on sqflite_common >=2.5.0-1 <4.0.0
SLVR:                                                                                                                     fact: sqflite_android 2.4.0 depends on path >=1.8.0 <3.0.0
SLVR:                                                                                                                     fact: sqflite_android 2.4.0 depends on sqflite_platform_interface >=2.4.0-0 <4.0.0
SLVR:                                                                                                                       selecting sqflite_android 2.4.0
SLVR:                                                                                                                         selecting sky_engine 0.0.99 from sdk
SLVR:                                                                                                                         fact: process 5.0.2 depends on file >=6.0.0 <8.0.0
SLVR:                                                                                                                         fact: process 5.0.2 depends on path ^1.8.0
SLVR:                                                                                                                         fact: process 5.0.2 depends on platform ^3.0.0
SLVR:                                                                                                                           selecting process 5.0.2
SLVR:                                                                                                                             selecting platform 3.1.5
SLVR:                                                                                                                             fact: fuchsia_remote_debug_protocol 0.0.0 from sdk depends on process 5.0.2
SLVR:                                                                                                                             fact: fuchsia_remote_debug_protocol 0.0.0 from sdk depends on vm_service 14.2.5
SLVR:                                                                                                                             fact: fuchsia_remote_debug_protocol 0.0.0 from sdk depends on file 7.0.0
SLVR:                                                                                                                             fact: fuchsia_remote_debug_protocol 0.0.0 from sdk depends on meta 1.15.0
SLVR:                                                                                                                             fact: fuchsia_remote_debug_protocol 0.0.0 from sdk depends on path 1.9.0
SLVR:                                                                                                                             fact: fuchsia_remote_debug_protocol 0.0.0 from sdk depends on platform 3.1.5
SLVR:                                                                                                                               selecting fuchsia_remote_debug_protocol 0.0.0 from sdk
SLVR:                                                                                                                               fact: http_parser 4.0.2 depends on collection ^1.15.0
SLVR:                                                                                                                               fact: http_parser 4.0.2 depends on source_span ^1.8.0
SLVR:                                                                                                                               fact: http_parser 4.0.2 depends on string_scanner ^1.1.0
SLVR:                                                                                                                               fact: http_parser 4.0.2 depends on typed_data ^1.3.0
SLVR:                                                                                                                                 selecting http_parser 4.0.2
SLVR:                                                                                                                                 fact: qr 3.0.2 depends on meta ^1.7.0
SLVR:                                                                                                                                   selecting qr 3.0.2
SLVR: Version solving took 0:00:00.787443 seconds.
    | Tried 1 solutions.
FINE: Resolving dependencies finished (0.854s).
MSG : Downloading packages...
FINE: Downloading packages finished (0.026s).
IO  : Get versions from https://pub.dev/api/packages/archive.
IO  : HTTP GET https://pub.dev/api/packages/archive
    | Accept: application/vnd.pub.v2+json
    | user-agent: Dart pub 3.5.4
IO  : HTTP response 200 OK for GET https://pub.dev/api/packages/archive
    | took 0:00:00.391802
    | x-goog-storage-class: STANDARD
    | last-modified: Mon, 04 May 2026 16:04:32 GMT
    | cache-control: public, max-age=120
    | date: Tue, 04 Aug 2026 22:18:59 GMT
    | access-control-allow-origin: *
    | vary: Accept-Encoding
    | content-encoding: gzip
    | x-goog-stored-content-length: 7727
    | age: 79
    | x-guploader-uploadid: AKhXX7IkxNZC6CTGmPDXoCu7dlN0p0fmUwhRzvA_ishXseokQ3alwhtDTXA_JFYn09ZPj7JMNMajDSQ
    | access-control-expose-headers: ETag,x-goog-hash,Accept,User-Agent
    | x-goog-hash: crc32c=izCBMQ==,md5=W9BfUUhIFDouZVWCNjp4yw==
    | content-type: application/json; charset="utf-8"
    | x-goog-generation: 1777910672162560
    | server: UploadServer
    | alt-svc: h3=":443"; ma=2592000
    | x-goog-meta-validated: 2026-07-13T05:07:37.100604
    | accept-ranges: bytes
    | content-length: 7727
    | x-goog-stored-content-encoding: gzip
    | etag: "5bd05f514848143a2e655582363a78cb"
    | via: 1.1 google
    | x-goog-metageneration: 23
    | expires: Tue, 04 Aug 2026 22:20:59 GMT
IO  : Writing 66535 characters to text file C:\dev\muaman-13i-environment-b-independent-pub-cache-root\hosted\pub.dev\.cache\archive-versions.json.
FINE: Contents:
    | {"name":"archive","latest":{"version":"4.0.9","pubspec":{"name":"archive","version":"4.0.9","description":"Provides encoders and decoders for various archive and compression formats such as zip, tar, bzip2, gzip, and zlib.","repository":"https://github.com/brendan-duncan/archive","topics":["archive","zip","tar","gzip","xz"],"environment":{"sdk":">=3.0.0 <4.0.0"},"dependencies":{"path":"^1.8.0","posix":"^6.0.2"},"dev_dependencies":{"build_runner":"^2.4.14","build_web_compilers":"^4.1.0","http":"^1.1.0","lints":"^4.0.0","test":"^1.24.6","web":"^1.1.0"}},"archive_url":"https://pub.dev/api/archives/archive-4.0.9.tar.gz","archive_sha256":"a96e8b390886ee8abb49b7bd3ac8df6f451c621619f52a26e815fdcf568959ff","published":"2026-02-17T14:52:25.487906Z"},"versions":[{"version":"1.0.0","pubspec":{"version":"1.0.0","name":"archive","dependencies":{"unittest":"any"},"author":"Brendan Duncan <brendanduncan@gmail.com>","homepage":"http://bitbucket.org/brendan_duncan/archive","description":"Provides encoders and decoders for various archive and compression formats, such as zip and tar."},"archive_url":"https://pub.dev/api/archives/archive-1.0.0.tar.gz","archive_sha256":"6f3a35b8084deef6fa8c21da274be1a7ee6be07ed8818b96689b6ad5e33bdee8","published":"2013-12-31T00:47:39.877440Z"},{"version":"1.0.2","pubspec":{"version":"1.0.2","description":"Provides encoders and decoders for various archive and compression formats, such as zip and tar.","author":"Brendan Duncan <brendanduncan@gmail.com>","dev_dependencies":{"unittest":"any","args":"any"},"homepage":"http://bitbucket.org/brendan_duncan/archive","name":"archive"},"archive_url":"https://pub.dev/api/archives/archive-1.0.2.tar.gz","archive_sha256":"0e14920d0013ae397154ca6ae25c51e2143b1d3ae801af6c140a741c9d578ff6","published":"2014-01-02T23:59:07.879730Z"},{"version":"1.0.3","pubspec":{"version":"1.0.3","description":"Provides encoders and decoders for various archive and compression formats, such as zip and tar.","author":"Brendan Duncan <brendanduncan@gmail.com>","dev_dependencies":{"unittest":"any","args":"any"},"homepage":"http://bitbucket.org/brendan_duncan/archive","name":"archive"},"archive_url":"https://pub.dev/api/archives/archive-1.0.3.tar.gz","archive_sha256":"5b96be2120ec2cef2c74ef8b99e5844e2c614502fbe1a02d8fde25c1271013d4","published":"2014-01-03T23:37:21.602240Z"},{"version":"1.0.4","pubspec":{"version":"1.0.4","description":"Provides encoders and decoders for various archive and compression formats, such as zip and tar.","author":"Brendan Duncan <brendanduncan@gmail.com>","dev_dependencies":{"unittest":"any","args":"any"},"homepage":"http://bitbucket.org/brendan_duncan/archive","name":"archive"},"archive_url":"https://pub.dev/api/archives/archive-1.0.4.tar.gz","archive_sha256":"1e6da3aacd536c747718389786571d84bb994b2e577eb68e1e399c079901ebcb","published":"2014-01-04T06:38:10.938210Z"},{"version":"1.0.5","pubspec":{"version":"1.0.5","description":"Provides encoders and decoders for various archive and compression formats, such as zip and tar.","author":"Brendan Duncan <brendanduncan@gmail.com>","dev_dependencies":{"unittest":"any","args":"any"},"homepage":"http://bitbucket.org/brendan_duncan/archive","name":"archive"},"archive_url":"https://pub.dev/api/archives/archive-1.0.5.tar.gz","archive_sha256":"b166e276b16271fcbac344aba456dbc53aa7d2e0da9514a8491b41fd50e14845","published":"2014-01-04T08:36:33.021200Z"},{"version":"1.0.6","pubspec":{"description":"Provides encoders and decoders for various archive and compression formats, such as zip and tar.","author":"Brendan Duncan <brendanduncan@gmail.com>","environment":{"sdk":">=1.0.0 <2.0.0"},"version":"1.0.6","dependencies":{"crypto":">=0.9.0 <1.0.0"},"dev_dependencies":{"unittest":"any","args":"any"},"homepage":"http://bitbucket.org/brendan_duncan/archive","name":"archive"},"archive_url":"https://pub.dev/api/archives/archive-1.0.6.tar.gz","archive_sha256":"8f9dd3bdefaf91ad2e4e86a251e42d78811ecff3a28422dcf8ecdbe0dfb364f6","published":"2014-01-08T20:12:29.462990Z"},{"version":"1.0.7","pubspec":{"description":"Provides encoders and decoders for various archive and compression formats, such as zip and tar.","author":"Brendan Duncan <brendanduncan@gmail.com>","environment":{"sdk":">=1.0.0 <2.0.0"},"version":"1.0.7","dependencies":{"crypto":">=0.9.0 <1.0.0"},"dev_dependencies":{"unittest":"any","args":"any"},"homepage":"http://bitbucket.org/brendan_duncan/archive","name":"archive"},"archive_url":"https://pub.dev/api/archives/archive-1.0.7.tar.gz","archive_sha256":"d39b52d90a6e08a5432d85a21d01851785d9248c45ba6e9e7bd8c83df1424369","published":"2014-01-09T18:28:35.312050Z"},{"version":"1.0.8","pubspec":{"description":"Provides encoders and decoders for various archive and compression formats, such as zip and tar.","author":"Brendan Duncan <brendanduncan@gmail.com>","documentation":"https://github.com/brendan-duncan/archive/wiki","environment":{"sdk":">=1.0.0 <2.0.0"},"dependencies":{"crypto":">=0.9.0 <1.0.0"},"version":"1.0.8","dev_dependencies":{"unittest":"any","args":"any"},"homepage":"https://github.com/brendan-duncan/archive","name":"archive"},"archive_url":"https://pub.dev/api/archives/archive-1.0.8.tar.gz","archive_sha256":"da45813ca78adcb3ec6ca060efd5e999b6fc6ce99ec8e8163d341dbae946e292","published":"2014-01-13T18:45:39.611700Z"},{"version":"1.0.9","pubspec":{"description":"Provides encoders and decoders for various archive and compression formats, such as zip and tar.","author":"Brendan Duncan <brendanduncan@gmail.com>","documentation":"https://github.com/brendan-duncan/archive/wiki","environment":{"sdk":">=1.0.0 <2.0.0"},"dependencies":{"crypto":">=0.9.0 <1.0.0"},"version":"1.0.9","dev_dependencies":{"unittest":"any","args":"any"},"homepage":"https://github.com/brendan-duncan/archive","name":"archive"},"archive_url":"https://pub.dev/api/archives/archive-1.0.9.tar.gz","archive_sha256":"804d21255784a1cbf2c81d10e3472cf1ab6581ed761b53a9ed04962512bfb426","published":"2014-01-18T00:41:14.070570Z"},{"version":"1.0.10","pubspec":{"description":"Provides encoders and decoders for various archive and compression formats, such as zip and tar.","author":"Brendan Duncan <brendanduncan@gmail.com>","documentation":"https://github.com/brendan-duncan/archive/wiki","environment":{"sdk":">=1.0.0 <2.0.0"},"version":"1.0.10","dependencies":{"crypto":">=0.9.0 <1.0.0"},"dev_dependencies":{"unittest":"any","args":"any"},"homepage":"https://github.com/brendan-duncan/archive","name":"archive"},"archive_url":"https://pub.dev/api/archives/archive-1.0.10.tar.gz","archive_sha256":"28ab87e4ac5ce4ccef9cbf045671aab21e14fca42e7125bc79debea5f2c8988f","published":"2014-01-19T22:23:48.608030Z"},{"version":"1.0.11","pubspec":{"description":"Provides encoders and decoders for various archive and compression formats, such as zip and tar.","author":"Brendan Duncan <brendanduncan@gmail.com>","documentation":"https://github.com/brendan-duncan/archive/wiki","environment":{"sdk":">=1.0.0 <2.0.0"},"dependencies":{"crypto":">=0.9.0 <1.0.0"},"version":"1.0.11","dev_dependencies":{"unittest":"any","args":"any"},"homepage":"https://github.com/brendan-duncan/archive","name":"archive"},"archive_url":"https://pub.dev/api/archives/archive-1.0.11.tar.gz","archive_sha256":"79dd20a7bbd53287162cab233ed968b68bbb4ce9aaef96b01c7bc8c81ee1e3ec","published":"2014-02-02T20:38:22.369040Z"},{"version":"1.0.12","pubspec":{"description":"Provides encoders and decoders for various archive and compression formats, such as zip and tar.","author":"Brendan Duncan <brendanduncan@gmail.com>","documentation":"https://github.com/brendan-duncan/archive/wiki","environment":{"sdk":">=1.0.0 <2.0.0"},"dependencies":{"crypto":">=0.9.0 <1.0.0"},"version":"1.0.12","dev_dependencies":{"unittest":"any","args":"any","browser":"any"},"homepage":"https://github.com/brendan-duncan/archive","name":"archive"},"archive_url":"https://pub.dev/api/archives/archive-1.0.12.tar.gz","archive_sha256":"9d77912572dd2306c4f8cb98ebef1107d40c3e05fc4218a101a82a1acb1aa177","published":"2014-02-05T06:24:32.596030Z"},{"version":"1.0.13","pubspec":{"description":"Provides encoders and decoders for various archive and compression formats, such as zip and tar.","author":"Brendan Duncan <brendanduncan@gmail.com>","documentation":"https://github.com/brendan-duncan/archive/wiki","environment":{"sdk":">=1.0.0 <2.0.0"},"version":"1.0.13","dependencies":{"crypto":">=0.9.0 <1.0.0"},"dev_dependencies":{"unittest":"any","args":"any","browser":"any"},"homepage":"https://github.com/brendan-duncan/archive","name":"archive"},"archive_url":"https://pub.dev/api/archives/archive-1.0.13.tar.gz","archive_sha256":"134cacc8c6074d95f2a6744f8619f48f68a478763cebfdc25ef92c35bd6cc586","published":"2014-02-06T19:32:06.561800Z"},{"version":"1.0.14","pubspec":{"description":"Provides encoders and decoders for various archive and compression formats such as zip and tar.","author":"Brendan Duncan <brendanduncan@gmail.com>","documentation":"https://github.com/brendan-duncan/archive/wiki","environment":{"sdk":">=1.0.0 <2.0.0"},"dependencies":{"crypto":">=0.9.0 <1.0.0"},"version":"1.0.14","dev_dependencies":{"unittest":"any","args":"any","browser":"any"},"homepage":"https://github.com/brendan-duncan/archive","name":"archive"},"archive_url":"https://pub.dev/api/archives/archive-1.0.14.tar.gz","archive_sha256":"8178910896dd870813f96a3797a656661b50c7318fda1e514f5a7eeb99bd4027","published":"2014-02-13T00:01:04.297180Z"},{"version":"1.0.15","pubspec":{"description":"Provides encoders and decoders for various archive and compression formats such as zip and tar.","author":"Brendan Duncan <brendanduncan@gmail.com>","documentation":"https://github.com/brendan-duncan/archive/wiki","environment":{"sdk":">=1.0.0 <2.0.0"},"version":"1.0.15","dependencies":{"crypto":">=0.9.0 <1.0.0"},"dev_dependencies":{"unittest":"any","args":"any","browser":"any"},"homepage":"https://github.com/brendan-duncan/archive","name":"archive"},"archive_url":"https://pub.dev/api/archives/archive-1.0.15.tar.gz","archive_sha256":"e27ef30085f4e5710f939da1690b1f13ca742c6a3087b9e0b29587969bb6fb3b","published":"2014-02-17T06:05:19.103940Z"},{"version":"1.0.16","pubspec":{"description":"Provides encoders and decoders for various archive and compression formats such as zip and tar.","author":"Brendan Duncan <brendanduncan@gmail.com>","documentation":"https://github.com/brendan-duncan/archive/wiki","environment":{"sdk":">=1.0.0 <2.0.0"},"version":"1.0.16","dependencies":{"crypto":">=0.9.0 <1.0.0"},"dev_dependencies":{"unittest":"any","args":"any","browser":"any"},"homepage":"https://github.com/brendan-duncan/archive","name":"archive"},"archive_url":"https://pub.dev/api/archives/archive-1.0.16.tar.gz","archive_sha256":"3c44950c2b7d46f9d0fdb11c6a728694adb9fa0a90a39c0abd4c3f078df7fc8f","published":"2014-03-06T21:13:48.239610Z"},{"version":"1.0.17","pubspec":{"description":"Provides encoders and decoders for various archive and compression formats such as zip and tar.","author":"Brendan Duncan <brendanduncan@gmail.com>","documentation":"https://github.com/brendan-duncan/archive/wiki","environment":{"sdk":">=1.0.0 <2.0.0"},"version":"1.0.17","dependencies":{"crypto":">=0.9.0 <1.0.0"},"dev_dependencies":{"unittest":"any","args":"any","browser":"any"},"homepage":"https://github.com/brendan-duncan/archive","name":"archive"},"archive_url":"https://pub.dev/api/archives/archive-1.0.17.tar.gz","archive_sha256":"b28b759bbd2b04bf15311b8a03333e431c28df4d07cba7b512a7e516ac075424","published":"2014-04-26T08:25:20.362730Z"},{"version":"1.0.18","pubspec":{"description":"Provides encoders and decoders for various archive and compression formats such as zip and tar.","author":"Brendan Duncan <brendanduncan@gmail.com>","documentation":"https://github.com/brendan-duncan/archive/wiki","environment":{"sdk":">=1.0.0 <2.0.0"},"version":"1.0.18","dependencies":{"crypto":">=0.9.0 <1.0.0"},"dev_dependencies":{"unittest":"any","args":">=0.10.0 <1.0.0","browser":"any"},"homepage":"https://github.com/brendan-duncan/archive","name":"archive"},"archive_url":"https://pub.dev/api/archives/archive-1.0.18.tar.gz","archive_sha256":"e975718d7f2ceb839ce16788e5fa539f0e3da95622fb3a1eab70f7c0166cd398","published":"2014-10-10T03:41:18.238060Z"},{"version":"1.0.19","pubspec":{"description":"Provides encoders and decoders for various archive and compression formats such as zip and tar.","author":"Brendan Duncan <brendanduncan@gmail.com>","documentation":"https://github.com/brendan-duncan/archive/wiki","environment":{"sdk":">=1.0.0 <2.0.0"},"dependencies":{"crypto":">=0.9.0 <1.0.0"},"version":"1.0.19","dev_dependencies":{"unittest":"any","args":">=0.10.0 <1.0.0","browser":"any"},"homepage":"https://github.com/brendan-duncan/archive","name":"archive"},"archive_url":"https://pub.dev/api/archives/archive-1.0.19.tar.gz","archive_sha256":"d5cb24501b939677827080393de1b59831ff2e548c3902efc6224185a2759fbe","published":"2015-02-24T05:01:24.265Z"},{"version":"1.0.20","pubspec":{"version":"1.0.20","dependencies":{"crypto":">=0.9.0 <1.0.0"},"name":"archive","author":"Brendan Duncan <brendanduncan@gmail.com>","description":"Provides encoders and decoders for various archive and compression formats such as zip, tar, bzip2, gzip, and zlib.","homepage":"https://github.com/brendan-duncan/archive","environment":{"sdk":">=1.0.0 <2.0.0"},"documentation":"https://github.com/brendan-duncan/archive/wiki","dev_dependencies":{"test":">=0.12.0 <1.0.0","browser":"any","args":">=0.10.0 <1.0.0"}},"archive_url":"https://pub.dev/api/archives/archive-1.0.20.tar.gz","archive_sha256":"0c9527a88fe6418c2402d6a4da53c4f98d1de4d2c7b346a6f5a0a48340240347","published":"2015-06-22T04:25:09.652Z"},{"version":"1.0.21","pubspec":{"version":"1.0.21","dependencies":{"crypto":">=1.0.0 <2.0.0","args":">=0.10.0 <1.0.0"},"name":"archive","author":"Brendan Duncan <brendanduncan@gmail.com>","description":"Provides encoders and decoders for various archive and compression formats such as zip, tar, bzip2, gzip, and zlib.","homepage":"https://github.com/brendan-duncan/archive","environment":{"sdk":">=1.0.0 <2.0.0"},"documentation":"https://github.com/brendan-duncan/archive/wiki","dev_dependencies":{"test":">=0.12.13 <1.0.0","browser":"any"}},"archive_url":"https://pub.dev/api/archives/archive-1.0.21.tar.gz","archive_sha256":"408e05a5f18777a9af790a9cc4afd3564ad89585f611c0476f5015ce4bbfff0c","published":"2016-05-13T23:43:35.388Z"},{"version":"1.0.22","pubspec":{"version":"1.0.22","dependencies":{"crypto":">=0.9.2 <2.0.0","args":">=0.10.0 <1.0.0"},"name":"archive","author":"Brendan Duncan <brendanduncan@gmail.com>","description":"Provides encoders and decoders for various archive and compression formats such as zip, tar, bzip2, gzip, and zlib.","homepage":"https://github.com/brendan-duncan/archive","environment":{"sdk":">=1.0.0 <2.0.0"},"documentation":"https://github.com/brendan-duncan/archive/wiki","dev_dependencies":{"test":">=0.12.13 <1.0.0","browser":"any"}},"archive_url":"https://pub.dev/api/archives/archive-1.0.22.tar.gz","archive_sha256":"cef274b8851f3c0ee370082ef369e866794374a149e849b259cabe050c352cd1","published":"2016-05-17T18:30:24.475Z"},{"version":"1.0.23","pubspec":{"version":"1.0.23","dependencies":{"crypto":">=0.9.2 <2.0.0"},"name":"archive","author":"Brendan Duncan <brendanduncan@gmail.com>","description":"Provides encoders and decoders for various archive and compression formats such as zip, tar, bzip2, gzip, and zlib.","homepage":"https://github.com/brendan-duncan/archive","environment":{"sdk":">=1.0.0 <2.0.0"},"documentation":"https://github.com/brendan-duncan/archive/wiki","dev_dependencies":{"test":">=0.12.13 <1.0.0","browser":"<1.0.0"}},"archive_url":"https://pub.dev/api/archives/archive-1.0.23.tar.gz","archive_sha256":"2630b5becbb97c505592941b88f8de41724c67513dee51692722a28070d8fd17","published":"2016-05-19T21:49:12.598Z"},{"version":"1.0.24","pubspec":{"version":"1.0.24","dependencies":{"crypto":">=0.9.2 <3.0.0"},"name":"archive","author":"Brendan Duncan <brendanduncan@gmail.com>","description":"Provides encoders and decoders for various archive and compression formats such as zip, tar, bzip2, gzip, and zlib.","homepage":"https://github.com/brendan-duncan/archive","environment":{"sdk":">=1.0.0 <2.0.0"},"documentation":"https://github.com/brendan-duncan/archive/wiki","dev_dependencies":{"test":">=0.12.13 <1.0.0","browser":"<1.0.0"}},"archive_url":"https://pub.dev/api/archives/archive-1.0.24.tar.gz","archive_sha256":"17fbda4bdb25e0f9dec15100032b1ed3829ec865e350aeb0aea3d13ea71be44f","published":"2016-06-06T19:54:20.978Z"},{"version":"1.0.25","pubspec":{"version":"1.0.25","dependencies":{"crypto":">=0.9.2 <3.0.0"},"name":"archive","author":"Brendan Duncan <brendanduncan@gmail.com>","description":"Provides encoders and decoders for various archive and compression formats such as zip, tar, bzip2, gzip, and zlib.","homepage":"https://github.com/brendan-duncan/archive","environment":{"sdk":">=1.0.0 <2.0.0"},"documentation":"https://github.com/brendan-duncan/archive/wiki","dev_dependencies":{"test":">=0.12.13 <1.0.0","browser":"<1.0.0"}},"archive_url":"https://pub.dev/api/archives/archive-1.0.25.tar.gz","archive_sha256":"104d93f4723bf002eaaa7cb43e3fecb1caa62999697b4279c59a102d03625849","published":"2016-08-17T17:49:04.387Z"},{"version":"1.0.26","pubspec":{"version":"1.0.26","dependencies":{"crypto":">=0.9.2 <3.0.0"},"name":"archive","author":"Brendan Duncan <brendanduncan@gmail.com>","description":"Provides encoders and decoders for various archive and compression formats such as zip, tar, bzip2, gzip, and zlib.","homepage":"https://github.com/brendan-duncan/archive","environment":{"sdk":">=1.0.0 <2.0.0"},"documentation":"https://github.com/brendan-duncan/archive/wiki","dev_dependencies":{"test":">=0.12.13 <1.0.0","browser":"<1.0.0"}},"archive_url":"https://pub.dev/api/archives/archive-1.0.26.tar.gz","archive_sha256":"73c0d27eb056081a5fc32650763c9a9529add61ddbb00ada094400b54ed2b0dc","published":"2016-11-17T05:09:11.871Z"},{"version":"1.0.27","pubspec":{"version":"1.0.27","dependencies":{"crypto":">=0.9.2 <3.0.0"},"name":"archive","author":"Brendan Duncan <brendanduncan@gmail.com>","description":"Provides encoders and decoders for various archive and compression formats such as zip, tar, bzip2, gzip, and zlib.","homepage":"https://github.com/brendan-duncan/archive","environment":{"sdk":">=1.0.0 <2.0.0"},"documentation":"https://github.com/brendan-duncan/archive/wiki","dev_dependencies":{"test":">=0.12.13 <1.0.0","browser":"<1.0.0"}},"archive_url":"https://pub.dev/api/archives/archive-1.0.27.tar.gz","archive_sha256":"c05654256072f7eb0a351fb97605bbfdb02ba191241de2ddec61041982fc3206","published":"2016-11-23T04:44:23.380Z"},{"version":"1.0.28","pubspec":{"version":"1.0.28","dependencies":{"crypto":">=0.9.2 <3.0.0"},"name":"archive","author":"Brendan Duncan <brendanduncan@gmail.com>","description":"Provides encoders and decoders for various archive and compression formats such as zip, tar, bzip2, gzip, and zlib.","homepage":"https://github.com/brendan-duncan/archive","environment":{"sdk":">=1.0.0 <2.0.0"},"documentation":"https://github.com/brendan-duncan/archive/wiki","dev_dependencies":{"test":">=0.12.13 <1.0.0","browser":"<1.0.0"}},"archive_url":"https://pub.dev/api/archives/archive-1.0.28.tar.gz","archive_sha256":"0b3bc7ee11c47cf0782f2b9dd92ad01f99543e3275fb527353db016a53b0e0e8","published":"2017-02-06T19:40:45.410Z"},{"version":"1.0.29","pubspec":{"version":"1.0.29","dependencies":{"crypto":">=0.9.2 <3.0.0","args":">=0.13.7 <1.0.0"},"name":"archive","author":"Brendan Duncan <brendanduncan@gmail.com>","description":"Provides encoders and decoders for various archive and compression formats such as zip, tar, bzip2, gzip, and zlib.","homepage":"https://github.com/brendan-duncan/archive","environment":{"sdk":">=1.0.0 <2.0.0"},"documentation":"https://github.com/brendan-duncan/archive/wiki","dev_dependencies":{"test":">=0.12.13 <1.0.0","browser":"<1.0.0"}},"archive_url":"https://pub.dev/api/archives/archive-1.0.29.tar.gz","archive_sha256":"60a380c75834bee5fa371726cf512414f12df3f4df8a3b53c2fe2c0167285ca9","published":"2017-05-25T20:02:00.439629Z"},{"version":"1.0.31","pubspec":{"version":"1.0.31","dependencies":{"crypto":">=2.0.0 <3.0.0","args":">=0.13.7 <1.0.0","path":">=1.4.1 <2.0.0"},"name":"archive","author":"Brendan Duncan <brendanduncan@gmail.com>","description":"Provides encoders and decoders for various archive and compression formats such as zip, tar, bzip2, gzip, and zlib.","homepage":"https://github.com/brendan-duncan/archive","environment":{"sdk":">=1.0.0 <2.0.0"},"documentation":"https://github.com/brendan-duncan/archive/wiki","dev_dependencies":{"test":">=0.12.13 <1.0.0","browser":"<1.0.0"}},"archive_url":"https://pub.dev/api/archives/archive-1.0.31.tar.gz","archive_sha256":"8e65d0c481aecd2968f45ab8cc583d62a7e21bc9c91b14d4d57c85e6dc026ff0","published":"2017-06-28T17:31:35.677863Z"},{"version":"1.0.32","pubspec":{"version":"1.0.32","dependencies":{"crypto":">=2.0.0 <3.0.0","args":">=0.13.7 <1.0.0","path":">=1.4.1 <2.0.0"},"name":"archive","author":"Brendan Duncan <brendanduncan@gmail.com>","description":"Provides encoders and decoders for various archive and compression formats such as zip, tar, bzip2, gzip, and zlib.","homepage":"https://github.com/brendan-duncan/archive","environment":{"sdk":">=1.0.0 <2.0.0"},"documentation":"https://github.com/brendan-duncan/archive/wiki","dev_dependencies":{"test":">=0.12.13 <1.0.0","browser":"<1.0.0"}},"archive_url":"https://pub.dev/api/archives/archive-1.0.32.tar.gz","archive_sha256":"c7398c922fdbb95168248778e9859c29ee0276068816afe7f5654980f4fe717f","published":"2017-10-12T21:06:41.847828Z"},{"version":"1.0.33","pubspec":{"version":"1.0.33","dependencies":{"crypto":">=2.0.0 <3.0.0","args":">=0.13.7 <2.0.0","path":">=1.4.1 <2.0.0"},"name":"archive","author":"Brendan Duncan <brendanduncan@gmail.com>","description":"Provides encoders and decoders for various archive and compression formats such as zip, tar, bzip2, gzip, and zlib.","homepage":"https://github.com/brendan-duncan/archive","environment":{"sdk":">=1.0.0 <2.0.0"},"documentation":"https://github.com/brendan-duncan/archive/wiki","dev_dependencies":{"test":">=0.12.13 <1.0.0","browser":"<1.0.0"}},"archive_url":"https://pub.dev/api/archives/archive-1.0.33.tar.gz","archive_sha256":"3203b92e89ab9a2ef30128a91bd657602f2643305eb801e138df120a28a5b591","published":"2017-12-13T18:40:24.057750Z"},{"version":"2.0.0","pubspec":{"version":"2.0.0","dependencies":{"crypto":">=2.0.0 <3.0.0","args":">=1.4.0 <2.0.0","path":">=1.5.1 <2.0.0"},"name":"archive","author":"Brendan Duncan <brendanduncan@gmail.com>","description":"Provides encoders and decoders for various archive and compression formats such as zip, tar, bzip2, gzip, and zlib.","homepage":"https://github.com/brendan-duncan/archive","environment":{"sdk":">=2.0.0-dev.49.0 <3.0.0"},"documentation":"https://github.com/brendan-duncan/archive/wiki","dev_dependencies":{"test":">=0.12.13 <1.0.0"}},"archive_url":"https://pub.dev/api/archives/archive-2.0.0.tar.gz","archive_sha256":"58e81db2edcd2bd83361d6133b6a211b298f76712b4bee30bad8dca4f60625c9","published":"2018-05-29T05:52:01.862241Z"},{"version":"2.0.1","pubspec":{"version":"2.0.1","dependencies":{"crypto":">=2.0.0 <3.0.0","args":">=1.4.0 <2.0.0","path":">=1.5.1 <2.0.0"},"name":"archive","author":"Brendan Duncan <brendanduncan@gmail.com>","description":"Provides encoders and decoders for various archive and compression formats such as zip, tar, bzip2, gzip, and zlib.","homepage":"https://github.com/brendan-duncan/archive","environment":{"sdk":">=2.0.0-dev.49.0 <3.0.0"},"documentation":"https://github.com/brendan-duncan/archive/wiki","dev_dependencies":{"test":">=0.12.13 <1.0.0"}},"archive_url":"https://pub.dev/api/archives/archive-2.0.1.tar.gz","archive_sha256":"cfc92325500c3539fc188eac6ee063c7f0183064d472eb4316917a1a71dd4ee0","published":"2018-08-05T04:39:42.064719Z"},{"version":"2.0.2","pubspec":{"version":"2.0.2","dependencies":{"crypto":">=2.0.0 <3.0.0","args":">=1.4.0 <2.0.0","path":">=1.5.1 <2.0.0"},"name":"archive","author":"Brendan Duncan <brendanduncan@gmail.com>","description":"Provides encoders and decoders for various archive and compression formats such as zip, tar, bzip2, gzip, and zlib.","homepage":"https://github.com/brendan-duncan/archive","environment":{"sdk":">=2.0.0-dev.49.0 <3.0.0"},"documentation":"https://github.com/brendan-duncan/archive/wiki","dev_dependencies":{"test":">=0.12.13 <1.0.0"}},"archive_url":"https://pub.dev/api/archives/archive-2.0.2.tar.gz","archive_sha256":"9644d0f0b52043fe1627745792654e3c458f7f2f1f66e23bebafd937fbf26c6f","published":"2018-08-07T03:17:35.496206Z"},{"version":"2.0.3","pubspec":{"version":"2.0.3","dependencies":{"crypto":">=2.0.0 <3.0.0","args":">=1.4.0 <2.0.0","path":">=1.5.1 <2.0.0"},"name":"archive","author":"Brendan Duncan <brendanduncan@gmail.com>","description":"Provides encoders and decoders for various archive and compression formats such as zip, tar, bzip2, gzip, and zlib.","homepage":"https://github.com/brendan-duncan/archive","environment":{"sdk":">=2.0.0-dev.49.0 <3.0.0"},"documentation":"https://github.com/brendan-duncan/archive/wiki","dev_dependencies":{"test":">=0.12.13 <1.0.0"}},"archive_url":"https://pub.dev/api/archives/archive-2.0.3.tar.gz","archive_sha256":"4754fb4b0e0b5ccc8ca49856ee01eabf904ee6220e41c25f79f4fbb26baf7318","published":"2018-08-18T06:07:25.005993Z"},{"version":"2.0.4","pubspec":{"version":"2.0.4","dependencies":{"crypto":">=2.0.0 <3.0.0","args":">=1.4.0 <2.0.0","path":">=1.5.1 <2.0.0"},"name":"archive","author":"Brendan Duncan <brendanduncan@gmail.com>","description":"Provides encoders and decoders for various archive and compression formats such as zip, tar, bzip2, gzip, and zlib.","homepage":"https://github.com/brendan-duncan/archive","environment":{"sdk":">=2.0.0-dev.49.0 <3.0.0"},"documentation":"https://github.com/brendan-duncan/archive/wiki","dev_dependencies":{"test":">=0.12.13 <2.0.0"}},"archive_url":"https://pub.dev/api/archives/archive-2.0.4.tar.gz","archive_sha256":"6d9a421f7348ac54271883ee7ffd9b0dcdcf6f082308c501aad5f4f6ce0a1df3","published":"2018-08-22T03:18:29.499172Z"},{"version":"2.0.5","pubspec":{"version":"2.0.5","dependencies":{"crypto":">=2.0.0 <3.0.0","args":">=1.4.0 <2.0.0","path":">=1.5.1 <2.0.0"},"name":"archive","author":"Brendan Duncan <brendanduncan@gmail.com>","description":"Provides encoders and decoders for various archive and compression formats such as zip, tar, bzip2, gzip, and zlib.","homepage":"https://github.com/brendan-duncan/archive","environment":{"sdk":">=2.0.0-dev.49.0 <3.0.0"},"documentation":"https://github.com/brendan-duncan/archive/wiki","dev_dependencies":{"build_runner":">=0.8.10 <2.0.0","test":">=0.12.13 <2.0.0","build_web_compilers":">=0.3.6 <2.0.0"}},"archive_url":"https://pub.dev/api/archives/archive-2.0.5.tar.gz","archive_sha256":"2390d6cc9611ebbe8d95b116655bc69c6242e093438b104c032db5e4c1ab7f6b","published":"2018-12-13T04:39:58.256504Z"},{"version":"2.0.6","pubspec":{"version":"2.0.6","dependencies":{"crypto":">=2.0.0 <3.0.0","args":">=1.4.0 <2.0.0","path":">=1.5.1 <2.0.0"},"name":"archive","author":"Brendan Duncan <brendanduncan@gmail.com>","description":"Provides encoders and decoders for various archive and compression formats such as zip, tar, bzip2, gzip, and zlib.","homepage":"https://github.com/brendan-duncan/archive","environment":{"sdk":">=2.0.0-dev.49.0 <3.0.0"},"documentation":"https://github.com/brendan-duncan/archive/wiki","dev_dependencies":{"build_runner":">=0.8.10 <2.0.0","test":">=0.12.13 <2.0.0","build_web_compilers":">=0.3.6 <2.0.0"}},"archive_url":"https://pub.dev/api/archives/archive-2.0.6.tar.gz","archive_sha256":"c90da5edf602b4724999187691eead7d11ddc0e0885c6f555799eda9cf4b4555","published":"2019-01-19T05:16:45.186032Z"},{"version":"2.0.7","pubspec":{"version":"2.0.7","dependencies":{"crypto":">=2.0.0 <3.0.0","args":">=1.4.0 <2.0.0","path":">=1.5.1 <2.0.0"},"name":"archive","author":"Brendan Duncan <brendanduncan@gmail.com>","description":"Provides encoders and decoders for various archive and compression formats such as zip, tar, bzip2, gzip, and zlib.","homepage":"https://github.com/brendan-duncan/archive","environment":{"sdk":">=2.0.0-dev.49.0 <3.0.0"},"documentation":"https://github.com/brendan-duncan/archive/wiki","dev_dependencies":{"build_runner":">=0.8.10 <2.0.0","test":">=0.12.13 <2.0.0","build_web_compilers":">=0.3.6 <2.0.0"}},"archive_url":"https://pub.dev/api/archives/archive-2.0.7.tar.gz","archive_sha256":"5147763d8be4e4b282ad990411b92b1e88299cf0f99ab620274f3af6a2e6dd65","published":"2019-01-20T06:58:01.058717Z"},{"version":"2.0.8","pubspec":{"version":"2.0.8","dependencies":{"crypto":">=2.0.0 <3.0.0","args":">=1.4.0 <2.0.0","path":">=1.5.1 <2.0.0"},"name":"archive","author":"Brendan Duncan <brendanduncan@gmail.com>","description":"Provides encoders and decoders for various archive and compression formats such as zip, tar, bzip2, gzip, and zlib.","homepage":"https://github.com/brendan-duncan/archive","environment":{"sdk":">=2.0.0-dev.49.0 <3.0.0"},"documentation":"https://github.com/brendan-duncan/archive/wiki","dev_dependencies":{"build_runner":">=0.8.10 <2.0.0","test":">=0.12.13 <2.0.0","build_web_compilers":">=0.3.6 <2.0.0"}},"archive_url":"https://pub.dev/api/archives/archive-2.0.8.tar.gz","archive_sha256":"4f8bfea46f7ad7efe06084e6b1c9e583bee9f8982efc69cf5827a1ce491d5951","published":"2019-01-25T05:11:48.696457Z"},{"version":"2.0.9","pubspec":{"version":"2.0.9","dependencies":{"crypto":">=2.0.0 <3.0.0","args":">=1.4.0 <2.0.0","path":">=1.5.1 <2.0.0"},"name":"archive","author":"Brendan Duncan <brendanduncan@gmail.com>","description":"Provides encoders and decoders for various archive and compression formats such as zip, tar, bzip2, gzip, and zlib.","homepage":"https://github.com/brendan-duncan/archive","environment":{"sdk":">=2.0.0-dev.49.0 <3.0.0"},"documentation":"https://github.com/brendan-duncan/archive/wiki","dev_dependencies":{"build_runner":">=0.8.10 <2.0.0","test":">=0.12.13 <2.0.0","pedantic":"^1.0.0","build_web_compilers":">=0.3.6 <2.0.0"}},"archive_url":"https://pub.dev/api/archives/archive-2.0.9.tar.gz","archive_sha256":"aeb771e05225f4887ca86f2bdc848c818ee81dea5b0bb14e7466cd9b9cc938e5","published":"2019-05-17T05:00:40.586083Z"},{"version":"2.0.10","pubspec":{"version":"2.0.10","dependencies":{"crypto":">=2.0.0 <3.0.0","args":">=1.4.0 <2.0.0","path":">=1.5.1 <2.0.0"},"name":"archive","author":"Brendan Duncan <brendanduncan@gmail.com>","description":"Provides encoders and decoders for various archive and compression formats such as zip, tar, bzip2, gzip, and zlib.","homepage":"https://github.com/brendan-duncan/archive","environment":{"sdk":">=2.0.0-dev.49.0 <3.0.0"},"documentation":"https://github.com/brendan-duncan/archive/wiki","dev_dependencies":{"build_runner":">=0.8.10 <2.0.0","test":">=0.12.13 <2.0.0","pedantic":"^1.0.0","build_web_compilers":">=0.3.6 <2.0.0"}},"archive_url":"https://pub.dev/api/archives/archive-2.0.10.tar.gz","archive_sha256":"61d02a97dcf6fe3b8057da48670bec4bde35d4fbe7b3379c28820cfd342e2f08","published":"2019-06-12T06:40:19.858017Z"},{"version":"2.0.11","pubspec":{"version":"2.0.11","name":"archive","dependencies":{"crypto":">=2.0.0 <3.0.0","args":">=1.4.0 <2.0.0","path":">=1.5.1 <2.0.0"},"description":"Provides encoders and decoders for various archive and compression formats such as zip, tar, bzip2, gzip, and zlib.","homepage":"https://github.com/brendan-duncan/archive","environment":{"sdk":">=2.0.0-dev.49.0 <3.0.0"},"documentation":"https://github.com/brendan-duncan/archive/wiki","dev_dependencies":{"build_runner":">=0.8.10 <2.0.0","test":">=0.12.13 <2.0.0","pedantic":"^1.0.0","build_web_compilers":">=0.3.6 <2.0.0"}},"archive_url":"https://pub.dev/api/archives/archive-2.0.11.tar.gz","archive_sha256":"3cdeb2448d59875cb7dfe827355c6965dfe053b43ae30d61fbf48a8ac9ab83a4","published":"2019-11-08T23:56:24.861902Z"},{"version":"2.0.12","pubspec":{"name":"archive","version":"2.0.12","description":"Provides encoders and decoders for various archive and compression formats such as zip, tar, bzip2, gzip, and zlib.","homepage":"https://github.com/brendan-duncan/archive","environment":{"sdk":">=2.0.0-dev.49.0 <3.0.0"},"documentation":"https://github.com/brendan-duncan/archive/wiki","dependencies":{"crypto":">=2.0.0 <3.0.0","args":">=1.4.0 <2.0.0","path":">=1.5.1 <2.0.0"},"dev_dependencies":{"test":">=0.12.13 <2.0.0","build_web_compilers":">=0.3.6 <2.0.0","build_runner":">=0.8.10 <2.0.0","pedantic":"^1.0.0"}},"archive_url":"https://pub.dev/api/archives/archive-2.0.12.tar.gz","archive_sha256":"6963bfd3955d9d5ebf2bc22cf77a37a0f30e93f73237559bbf9ed380ad7f35ab","published":"2019-12-30T23:11:39.084830Z"},{"version":"2.0.13","pubspec":{"name":"archive","version":"2.0.13","description":"Provides encoders and decoders for various archive and compression formats such as zip, tar, bzip2, gzip, and zlib.","homepage":"https://github.com/brendan-duncan/archive","environment":{"sdk":">=2.0.0-dev.49.0 <3.0.0"},"documentation":"https://github.com/brendan-duncan/archive/wiki","dependencies":{"crypto":">=2.0.0 <3.0.0","args":">=1.4.0 <2.0.0","path":">=1.5.1 <2.0.0"},"dev_dependencies":{"test":">=0.12.13 <2.0.0","build_web_compilers":">=0.3.6 <2.0.0","build_runner":">=0.8.10 <2.0.0","pedantic":"^1.0.0"}},"archive_url":"https://pub.dev/api/archives/archive-2.0.13.tar.gz","archive_sha256":"f06332efd7b0886705a929c5d3b52cda4d6d0979627c1dbe9a18fc24becf50ae","published":"2020-01-02T20:03:05.349256Z"},{"version":"3.0.0-nullsafety.0","pubspec":{"name":"archive","version":"3.0.0-nullsafety.0","description":"Provides encoders and decoders for various archive and compression formats such as zip, tar, bzip2, gzip, and zlib.","homepage":"https://github.com/brendan-duncan/archive","environment":{"sdk":">=2.12.0-0 <3.0.0"},"documentation":"https://github.com/brendan-duncan/archive/wiki","dependencies":{"crypto":"^3.0.0-nullsafety.0","path":"^1.8.0-nullsafety.3"},"dev_dependencies":{"test":"^1.16.0-nullsafety.15","pedantic":"^1.10.0-nullsafety.3"}},"archive_url":"https://pub.dev/api/archives/archive-3.0.0-nullsafety.0.tar.gz","archive_sha256":"162c5842cc58d4316b5beccb590f6e04fba7098b25efbe95d8a4c721a628efaa","published":"2021-01-20T19:01:05.050676Z"},{"version":"3.0.0","pubspec":{"name":"archive","version":"3.0.0","description":"Provides encoders and decoders for various archive and compression formats such as zip, tar, bzip2, gzip, and zlib.","repository":"https://github.com/brendan-duncan/archive","environment":{"sdk":">=2.12.0-0 <3.0.0"},"dependencies":{"crypto":"^3.0.0","path":"^1.8.0"},"dev_dependencies":{"test":"^1.16.0-nullsafety.15","pedantic":"^1.10.0-nullsafety.3"}},"archive_url":"https://pub.dev/api/archives/archive-3.0.0.tar.gz","archive_sha256":"e739f05a0aed98dda77aeac57000d35fc6ed4650b8b4e32766f044a411d4dae9","published":"2021-02-03T20:18:58.659574Z"},{"version":"3.1.1","pubspec":{"name":"archive","version":"3.1.1","description":"Provides encoders and decoders for various archive and compression formats such as zip, tar, bzip2, gzip, and zlib.","repository":"https://github.com/brendan-duncan/archive","environment":{"sdk":">=2.12.0-0 <3.0.0"},"dependencies":{"crypto":"^3.0.0","path":"^1.8.0"},"dev_dependencies":{"test":"^1.16.0-nullsafety.15","pedantic":"^1.10.0-nullsafety.3"}},"archive_url":"https://pub.dev/api/archives/archive-3.1.1.tar.gz","archive_sha256":"5ec27c759d2b03e84b238027addf0ef9dd02d8bd02fe832323077df2dd60b297","published":"2021-02-28T17:33:10.342801Z"},{"version":"3.1.2","pubspec":{"name":"archive","version":"3.1.2","description":"Provides encoders and decoders for various archive and compression formats such as zip, tar, bzip2, gzip, and zlib.","repository":"https://github.com/brendan-duncan/archive","environment":{"sdk":">=2.12.0-0 <3.0.0"},"dependencies":{"crypto":"^3.0.0","path":"^1.8.0"},"dev_dependencies":{"test":"^1.16.0-nullsafety.15","pedantic":"^1.10.0-nullsafety.3"}},"archive_url":"https://pub.dev/api/archives/archive-3.1.2.tar.gz","archive_sha256":"a92e39b291073bb840a72cf43d96d2a63c74e9a485d227833e8ea0054d16ad16","published":"2021-03-02T00:30:45.967667Z"},{"version":"3.1.3","pubspec":{"name":"archive","version":"3.1.3","description":"Provides encoders and decoders for various archive and compression formats such as zip, tar, bzip2, gzip, and zlib.","repository":"https://github.com/brendan-duncan/archive","environment":{"sdk":">=2.12.0-0 <3.0.0"},"dependencies":{"crypto":"^3.0.0","path":"^1.8.0"},"dev_dependencies":{"lints":"^1.0.0","test":"^1.17.0"}},"archive_url":"https://pub.dev/api/archives/archive-3.1.3.tar.gz","archive_sha256":"aacb8a4d2d9b41590c29b421e579c48a3305139efcecf428b02c54e735437963","published":"2021-09-29T15:55:38.402116Z"},{"version":"3.1.4","pubspec":{"name":"archive","version":"3.1.4","description":"Provides encoders and decoders for various archive and compression formats such as zip, tar, bzip2, gzip, and zlib.","repository":"https://github.com/brendan-duncan/archive","environment":{"sdk":">=2.12.0-0 <3.0.0"},"dependencies":{"crypto":"^3.0.0","path":"^1.8.0"},"dev_dependencies":{"lints":"^1.0.0","test":"^1.17.0"}},"archive_url":"https://pub.dev/api/archives/archive-3.1.4.tar.gz","archive_sha256":"96bf61528c4ff3d8370ab031bc437bec8a5386e2b6ad5c18d7773d7f1fb6d5d3","published":"2021-09-29T17:19:27.707300Z"},{"version":"3.1.5","pubspec":{"name":"archive","version":"3.1.5","description":"Provides encoders and decoders for various archive and compression formats such as zip, tar, bzip2, gzip, and zlib.","repository":"https://github.com/brendan-duncan/archive","environment":{"sdk":">=2.12.0-0 <3.0.0"},"dependencies":{"crypto":"^3.0.0","path":"^1.8.0"},"dev_dependencies":{"lints":"^1.0.0","test":"^1.17.0"}},"archive_url":"https://pub.dev/api/archives/archive-3.1.5.tar.gz","archive_sha256":"b64a2605c583cfb68f7a79a0d38a92dec9d86d0f3425453b9617217742b20ef9","published":"2021-09-29T22:24:48.528938Z"},{"version":"3.1.6","pubspec":{"name":"archive","version":"3.1.6","description":"Provides encoders and decoders for various archive and compression formats such as zip, tar, bzip2, gzip, and zlib.","repository":"https://github.com/brendan-duncan/archive","environment":{"sdk":">=2.12.0-0 <3.0.0"},"dependencies":{"crypto":"^3.0.0","path":"^1.8.0"},"dev_dependencies":{"http":"^0.13.3","lints":"^1.0.0","test":"^1.17.0"}},"archive_url":"https://pub.dev/api/archives/archive-3.1.6.tar.gz","archive_sha256":"ae3e2b5dcfd7262920f3a36df8f04a9f798bafe395d7dc6cf2a7178ae8aba792","published":"2021-10-11T15:44:36.402744Z"},{"version":"3.1.7","pubspec":{"name":"archive","version":"3.1.7","description":"Provides encoders and decoders for various archive and compression formats such as zip, tar, bzip2, gzip, and zlib.","repository":"https://github.com/brendan-duncan/archive","environment":{"sdk":">=2.12.0-0 <3.0.0"},"dependencies":{"crypto":"^3.0.0","path":"^1.8.0"},"dev_dependencies":{"http":"^0.13.3","lints":"^1.0.0","test":"^1.17.0"}},"archive_url":"https://pub.dev/api/archives/archive-3.1.7.tar.gz","archive_sha256":"f9694ffcb0e96af59a74a8bb9c588e227154fdf5c597df537657ae3835f27271","published":"2022-01-01T19:49:03.251790Z"},{"version":"3.1.8","pubspec":{"name":"archive","version":"3.1.8","description":"Provides encoders and decoders for various archive and compression formats such as zip, tar, bzip2, gzip, and zlib.","repository":"https://github.com/brendan-duncan/archive","environment":{"sdk":">=2.12.0-0 <3.0.0"},"dependencies":{"crypto":"^3.0.0","path":"^1.8.0"},"dev_dependencies":{"http":"^0.13.3","lints":"^1.0.0","test":"^1.17.0"}},"archive_url":"https://pub.dev/api/archives/archive-3.1.8.tar.gz","archive_sha256":"781365ca8aedb3203cb99f2abed8a9e89d6aa358e8d038068acb81664e1ccdad","published":"2022-01-01T22:11:20.720948Z"},{"version":"3.1.9","pubspec":{"name":"archive","version":"3.1.9","description":"Provides encoders and decoders for various archive and compression formats such as zip, tar, bzip2, gzip, and zlib.","repository":"https://github.com/brendan-duncan/archive","environment":{"sdk":">=2.12.0 <3.0.0"},"dependencies":{"crypto":"^3.0.0","path":"^1.8.0"},"dev_dependencies":{"http":"^0.13.3","lints":"^1.0.0","test":"^1.17.0"}},"archive_url":"https://pub.dev/api/archives/archive-3.1.9.tar.gz","archive_sha256":"d1892491f45480ecd260c7f7e891bed73208f13e2d45f1d34d7466f7a83f359b","published":"2022-01-20T04:21:11.468529Z"},{"version":"3.1.10","pubspec":{"name":"archive","version":"3.1.10","description":"Provides encoders and decoders for various archive and compression formats such as zip, tar, bzip2, gzip, and zlib.","repository":"https://github.com/brendan-duncan/archive","environment":{"sdk":">=2.12.0 <3.0.0"},"dependencies":{"crypto":"^3.0.0","path":"^1.8.0"},"dev_dependencies":{"http":"^0.13.3","lints":"^1.0.0","test":"^1.17.0"}},"archive_url":"https://pub.dev/api/archives/archive-3.1.10.tar.gz","archive_sha256":"d59e0d1e049c5bd66fbf55a865fe554f2519fd940b2ca672f4d0e2baf79aa417","published":"2022-01-29T18:55:23.124267Z"},{"version":"3.1.11","pubspec":{"name":"archive","version":"3.1.11","description":"Provides encoders and decoders for various archive and compression formats such as zip, tar, bzip2, gzip, and zlib.","repository":"https://github.com/brendan-duncan/archive","environment":{"sdk":">=2.12.0 <3.0.0"},"dependencies":{"crypto":"^3.0.0","path":"^1.8.0"},"dev_dependencies":{"http":"^0.13.3","lints":"^1.0.0","test":"^1.17.0"}},"archive_url":"https://pub.dev/api/archives/archive-3.1.11.tar.gz","archive_sha256":"d65e8c59051d72808ae971dcc2465b593177a33162edaee29c3b1858b328b98f","published":"2022-01-29T22:42:52.475489Z"},{"version":"3.2.0","pubspec":{"name":"archive","version":"3.2.0","description":"Provides encoders and decoders for various archive and compression formats such as zip, tar, bzip2, gzip, and zlib.","repository":"https://github.com/brendan-duncan/archive","environment":{"sdk":">=2.12.0 <3.0.0"},"dependencies":{"crypto":"^3.0.0","path":"^1.8.0"},"dev_dependencies":{"http":"^0.13.3","lints":"^1.0.0","test":"^1.17.0"}},"archive_url":"https://pub.dev/api/archives/archive-3.2.0.tar.gz","archive_sha256":"29fa72e85814672ab1e4d8b36f21cfadd34b16ce2c5c35e86a00df560e9b7940","published":"2022-02-13T03:20:24.404046Z"},{"version":"3.2.1","pubspec":{"name":"archive","version":"3.2.1","description":"Provides encoders and decoders for various archive and compression formats such as zip, tar, bzip2, gzip, and zlib.","repository":"https://github.com/brendan-duncan/archive","environment":{"sdk":">=2.12.0 <3.0.0"},"dependencies":{"crypto":"^3.0.0","path":"^1.8.0"},"dev_dependencies":{"http":"^0.13.3","lints":"^1.0.0","test":"^1.17.0"}},"archive_url":"https://pub.dev/api/archives/archive-3.2.1.tar.gz","archive_sha256":"b4e685f9b52b7c50b6433fa4008572f157ca5841f4dbddda513a112a8c23cb69","published":"2022-02-18T05:45:40.689421Z"},{"version":"3.2.2","pubspec":{"name":"archive","version":"3.2.2","description":"Provides encoders and decoders for various archive and compression formats such as zip, tar, bzip2, gzip, and zlib.","repository":"https://github.com/brendan-duncan/archive","environment":{"sdk":">=2.12.0 <3.0.0"},"dependencies":{"crypto":"^3.0.0","path":"^1.8.0"},"dev_dependencies":{"http":"^0.13.3","lints":"^1.0.0","test":"^1.17.0"}},"archive_url":"https://pub.dev/api/archives/archive-3.2.2.tar.gz","archive_sha256":"cdecf5f45a132ba5671845ec126269a17a69979c0f385852ad4a7d8639016441","published":"2022-03-09T16:54:26.444236Z"},{"version":"3.3.0","pubspec":{"name":"archive","version":"3.3.0","description":"Provides encoders and decoders for various archive and compression formats such as zip, tar, bzip2, gzip, and zlib.","repository":"https://github.com/brendan-duncan/archive","environment":{"sdk":">=2.12.0 <3.0.0"},"dependencies":{"crypto":"^3.0.0","path":"^1.8.0"},"dev_dependencies":{"http":"^0.13.3","lints":"^1.0.0","test":"^1.17.0"}},"archive_url":"https://pub.dev/api/archives/archive-3.3.0.tar.gz","archive_sha256":"eb33140ede1b4039f4ad631f7bf3cfa58e24514e8bf87184bc32f17541af87fc","published":"2022-03-25T17:59:02.828040Z"},{"version":"3.3.1","pubspec":{"name":"archive","version":"3.3.1","description":"Provides encoders and decoders for various archive and compression formats such as zip, tar, bzip2, gzip, and zlib.","repository":"https://github.com/brendan-duncan/archive","environment":{"sdk":">=2.12.0 <3.0.0"},"dependencies":{"crypto":"^3.0.0","path":"^1.8.0"},"dev_dependencies":{"http":"^0.13.3","lints":"^1.0.0","test":"^1.17.0"}},"archive_url":"https://pub.dev/api/archives/archive-3.3.1.tar.gz","archive_sha256":"793964beb8e297995714326628881437d4211f10fc8843534bab54129cd896ee","published":"2022-07-20T03:50:59.713217Z"},{"version":"3.3.2","pubspec":{"name":"archive","version":"3.3.2","description":"Provides encoders and decoders for various archive and compression formats such as zip, tar, bzip2, gzip, and zlib.","repository":"https://github.com/brendan-duncan/archive","environment":{"sdk":">=2.12.0 <3.0.0"},"dependencies":{"crypto":"^3.0.0","path":"^1.8.0"},"dev_dependencies":{"http":"^0.13.3","lints":"^1.0.0","test":"^1.17.0"}},"archive_url":"https://pub.dev/api/archives/archive-3.3.2.tar.gz","archive_sha256":"80e5141fafcb3361653ce308776cfd7d45e6e9fbb429e14eec571382c0c5fecb","published":"2022-10-16T17:28:10.982626Z"},{"version":"3.3.3","pubspec":{"name":"archive","version":"3.3.3","description":"Provides encoders and decoders for various archive and compression formats such as zip, tar, bzip2, gzip, and zlib.","repository":"https://github.com/brendan-duncan/archive","environment":{"sdk":">=2.12.0 <3.0.0"},"dependencies":{"crypto":"^3.0.0","path":"^1.8.0","pointycastle":"^3.6.2"},"dev_dependencies":{"http":"^0.13.3","lints":"^1.0.0","test":"^1.17.0"}},"archive_url":"https://pub.dev/api/archives/archive-3.3.3.tar.gz","archive_sha256":"3ad98253a850fc6d1bdbfd988f5f9b8b006ad73cdf2e3a37aa23391fb411253d","published":"2022-11-11T17:56:40.057604Z"},{"version":"3.3.4","pubspec":{"name":"archive","version":"3.3.4","description":"Provides encoders and decoders for various archive and compression formats such as zip, tar, bzip2, gzip, and zlib.","repository":"https://github.com/brendan-duncan/archive","environment":{"sdk":">=2.12.0 <3.0.0"},"dependencies":{"crypto":"^3.0.0","path":"^1.8.0","pointycastle":"^3.6.2"},"dev_dependencies":{"http":"^0.13.3","lints":"^1.0.0","test":"^1.17.0"}},"archive_url":"https://pub.dev/api/archives/archive-3.3.4.tar.gz","archive_sha256":"76d919e063a09d19d61f99463a20dba1c1e8d0bc3a5eba91bac2853fac095373","published":"2022-11-11T23:16:47.504017Z"},{"version":"3.3.5","pubspec":{"name":"archive","version":"3.3.5","description":"Provides encoders and decoders for various archive and compression formats such as zip, tar, bzip2, gzip, and zlib.","repository":"https://github.com/brendan-duncan/archive","environment":{"sdk":">=2.12.0 <3.0.0"},"dependencies":{"crypto":"^3.0.0","path":"^1.8.0","pointycastle":"^3.6.2"},"dev_dependencies":{"http":"^0.13.3","lints":"^1.0.0","test":"^1.17.0"}},"archive_url":"https://pub.dev/api/archives/archive-3.3.5.tar.gz","archive_sha256":"ed7cc591a948744994714375caf9a2ce89e1d82e8243997c8a2994d57181c212","published":"2022-11-23T03:44:17.766377Z"},{"version":"3.3.6","pubspec":{"name":"archive","version":"3.3.6","description":"Provides encoders and decoders for various archive and compression formats such as zip, tar, bzip2, gzip, and zlib.","repository":"https://github.com/brendan-duncan/archive","environment":{"sdk":">=2.12.0 <3.0.0"},"dependencies":{"crypto":"^3.0.0","path":"^1.8.0","pointycastle":"^3.6.2"},"dev_dependencies":{"http":"^0.13.3","lints":"^1.0.0","test":"^1.17.0"}},"archive_url":"https://pub.dev/api/archives/archive-3.3.6.tar.gz","archive_sha256":"d6347d54a2d8028e0437e3c099f66fdb8ae02c4720c1e7534c9f24c10351f85d","published":"2023-01-27T19:23:04.850709Z"},{"version":"3.3.7","pubspec":{"name":"archive","version":"3.3.7","description":"Provides encoders and decoders for various archive and compression formats such as zip, tar, bzip2, gzip, and zlib.","repository":"https://github.com/brendan-duncan/archive","environment":{"sdk":">=2.12.0 <3.0.0"},"dependencies":{"crypto":"^3.0.0","path":"^1.8.0","pointycastle":"^3.6.2"},"dev_dependencies":{"http":"^0.13.3","lints":"^1.0.0","test":"^1.17.0"}},"archive_url":"https://pub.dev/api/archives/archive-3.3.7.tar.gz","archive_sha256":"0c8368c9b3f0abbc193b9d6133649a614204b528982bebc7026372d61677ce3a","published":"2023-04-09T05:12:04.130142Z"},{"version":"3.3.8","pubspec":{"name":"archive","version":"3.3.8","description":"Provides encoders and decoders for various archive and compression formats such as zip, tar, bzip2, gzip, and zlib.","repository":"https://github.com/brendan-duncan/archive","environment":{"sdk":">=2.12.0 <4.0.0"},"dependencies":{"crypto":"^3.0.0","path":"^1.8.0","pointycastle":"^3.6.2"},"dev_dependencies":{"http":"^0.13.3","lints":"^1.0.0","test":"^1.17.0"}},"archive_url":"https://pub.dev/api/archives/archive-3.3.8.tar.gz","archive_sha256":"49b1fad315e57ab0bbc15bcbb874e83116a1d78f77ebd500a4af6c9407d6b28e","published":"2023-09-03T02:06:28.636178Z"},{"version":"3.3.9","pubspec":{"name":"archive","version":"3.3.9","description":"Provides encoders and decoders for various archive and compression formats such as zip, tar, bzip2, gzip, and zlib.","repository":"https://github.com/brendan-duncan/archive","environment":{"sdk":">=2.12.0 <4.0.0"},"dependencies":{"crypto":"^3.0.0","path":"^1.8.0","pointycastle":"^3.6.2"},"dev_dependencies":{"http":"^0.13.3","lints":"^1.0.0","test":"^1.17.0"}},"archive_url":"https://pub.dev/api/archives/archive-3.3.9.tar.gz","archive_sha256":"e0902a06f0e00414e4e3438a084580161279f137aeb862274710f29ec10cf01e","published":"2023-09-11T03:15:49.178716Z"},{"version":"3.4.0","pubspec":{"name":"archive","version":"3.4.0","description":"Provides encoders and decoders for various archive and compression formats such as zip, tar, bzip2, gzip, and zlib.","repository":"https://github.com/brendan-duncan/archive","environment":{"sdk":">=2.12.0 <4.0.0"},"dependencies":{"crypto":"^3.0.0","path":"^1.8.0","pointycastle":"^3.6.2"},"dev_dependencies":{"http":"^0.13.3","lints":"^1.0.0","test":"^1.17.0"}},"archive_url":"https://pub.dev/api/archives/archive-3.4.0.tar.gz","archive_sha256":"1227dc3efc4ea571eebb2dfb814506ed2cfb1d4b1b89fb918abdddde617ead3c","published":"2023-09-22T04:12:07.799911Z"},{"version":"3.4.1","pubspec":{"name":"archive","version":"3.4.1","description":"Provides encoders and decoders for various archive and compression formats such as zip, tar, bzip2, gzip, and zlib.","repository":"https://github.com/brendan-duncan/archive","environment":{"sdk":">=2.12.0 <4.0.0"},"dependencies":{"crypto":"^3.0.0","path":"^1.8.0","pointycastle":"^3.6.2"},"dev_dependencies":{"http":"^0.13.3","lints":"^1.0.0","test":"^1.17.0"}},"archive_url":"https://pub.dev/api/archives/archive-3.4.1.tar.gz","archive_sha256":"e44ad5bbb3bbe88ae8809c2eb1682c099c2e13c471aed13a5b7e67572f7b57ae","published":"2023-09-23T15:43:56.464691Z"},{"version":"3.4.2","pubspec":{"name":"archive","version":"3.4.2","description":"Provides encoders and decoders for various archive and compression formats such as zip, tar, bzip2, gzip, and zlib.","repository":"https://github.com/brendan-duncan/archive","environment":{"sdk":">=2.12.0 <4.0.0"},"dependencies":{"crypto":"^3.0.0","path":"^1.8.0","pointycastle":"^3.6.2"},"dev_dependencies":{"http":"^0.13.3","lints":"^1.0.0","test":"^1.17.0"}},"archive_url":"https://pub.dev/api/archives/archive-3.4.2.tar.gz","archive_sha256":"20071638cbe4e5964a427cfa0e86dce55d060bc7d82d56f3554095d7239a8765","published":"2023-09-23T16:52:33.513622Z"},{"version":"3.4.3","pubspec":{"name":"archive","version":"3.4.3","description":"Provides encoders and decoders for various archive and compression formats such as zip, tar, bzip2, gzip, and zlib.","repository":"https://github.com/brendan-duncan/archive","environment":{"sdk":">=2.12.0 <4.0.0"},"dependencies":{"crypto":"^3.0.3","path":"^1.8.0","pointycastle":"^3.6.2"},"dev_dependencies":{"http":"^1.1.0","lints":"^2.1.1","test":"^1.24.6"}},"archive_url":"https://pub.dev/api/archives/archive-3.4.3.tar.gz","archive_sha256":"d4dc11707abb32ef756ab95678c0d6df54003d98277f7c9aeda14c48e7a38c2f","published":"2023-09-29T03:53:44.208657Z"},{"version":"3.4.4","pubspec":{"name":"archive","version":"3.4.4","description":"Provides encoders and decoders for various archive and compression formats such as zip, tar, bzip2, gzip, and zlib.","repository":"https://github.com/brendan-duncan/archive","environment":{"sdk":">=2.12.0 <4.0.0"},"dependencies":{"crypto":"^3.0.3","path":"^1.8.0","pointycastle":"^3.6.2"},"dev_dependencies":{"http":"^1.1.0","lints":"^2.1.1","test":"^1.24.6"}},"archive_url":"https://pub.dev/api/archives/archive-3.4.4.tar.gz","archive_sha256":"06a96f1249f38a00435b3b0c9a3246d934d7dbc8183fc7c9e56989860edb99d4","published":"2023-09-30T15:35:13.672937Z"},{"version":"3.4.5","pubspec":{"name":"archive","version":"3.4.5","description":"Provides encoders and decoders for various archive and compression formats such as zip, tar, bzip2, gzip, and zlib.","repository":"https://github.com/brendan-duncan/archive","environment":{"sdk":">=2.12.0 <4.0.0"},"dependencies":{"crypto":"^3.0.3","path":"^1.8.0","pointycastle":"^3.7.3"},"dev_dependencies":{"http":"^1.1.0","lints":"^2.1.1","test":"^1.24.6"}},"archive_url":"https://pub.dev/api/archives/archive-3.4.5.tar.gz","archive_sha256":"ca12e6c9ac022f33fd89128e7007fb5e97ab6e814d4fa05dd8d4f2db1e3c69cb","published":"2023-10-07T20:34:58.814026Z"},{"version":"3.4.6","pubspec":{"name":"archive","version":"3.4.6","description":"Provides encoders and decoders for various archive and compression formats such as zip, tar, bzip2, gzip, and zlib.","repository":"https://github.com/brendan-duncan/archive","environment":{"sdk":">=2.12.0 <4.0.0"},"dependencies":{"crypto":"^3.0.3","path":"^1.8.0","pointycastle":"^3.7.3"},"dev_dependencies":{"http":"^1.1.0","lints":"^2.1.1","test":"^1.24.6"}},"archive_url":"https://pub.dev/api/archives/archive-3.4.6.tar.gz","archive_sha256":"7e0d52067d05f2e0324268097ba723b71cb41ac8a6a2b24d1edf9c536b987b03","published":"2023-10-11T03:34:06.029738Z"},{"version":"3.4.7","pubspec":{"name":"archive","version":"3.4.7","description":"Provides encoders and decoders for various archive and compression formats such as zip, tar, bzip2, gzip, and zlib.","repository":"https://github.com/brendan-duncan/archive","environment":{"sdk":">=2.12.0 <4.0.0"},"dependencies":{"crypto":"^3.0.3","path":"^1.8.0","pointycastle":"^3.7.3"},"dev_dependencies":{"http":"^1.1.0","lints":"^2.1.1","test":"^1.24.6"}},"archive_url":"https://pub.dev/api/archives/archive-3.4.7.tar.gz","archive_sha256":"27b24c1b1ab091964e7c0079dcedc9a04d992089df724b9cea45fe6f82d48de1","published":"2023-11-05T03:23:38.329496Z"},{"version":"3.4.8","pubspec":{"name":"archive","version":"3.4.8","description":"Provides encoders and decoders for various archive and compression formats such as zip, tar, bzip2, gzip, and zlib.","repository":"https://github.com/brendan-duncan/archive","environment":{"sdk":">=2.12.0 <4.0.0"},"dependencies":{"crypto":"^3.0.3","path":"^1.8.0","pointycastle":"^3.7.3"},"dev_dependencies":{"http":"^1.1.0","lints":"^2.1.1","test":"^1.24.6"}},"archive_url":"https://pub.dev/api/archives/archive-3.4.8.tar.gz","archive_sha256":"0da817eab9833cc222ee5575789664e99f60fe0c554be55dc1979f9b4ec6dd73","published":"2023-11-06T03:56:00.604223Z"},{"version":"3.4.9","pubspec":{"name":"archive","version":"3.4.9","description":"Provides encoders and decoders for various archive and compression formats such as zip, tar, bzip2, gzip, and zlib.","repository":"https://github.com/brendan-duncan/archive","environment":{"sdk":">=2.12.0 <4.0.0"},"dependencies":{"crypto":"^3.0.3","path":"^1.8.0","pointycastle":"^3.7.3"},"dev_dependencies":{"http":"^1.1.0","lints":"^2.1.1","test":"^1.24.6"}},"archive_url":"https://pub.dev/api/archives/archive-3.4.9.tar.gz","archive_sha256":"7b875fd4a20b165a3084bd2d210439b22ebc653f21cea4842729c0c30c82596b","published":"2023-11-07T17:04:23.360657Z"},{"version":"3.4.10","pubspec":{"name":"archive","version":"3.4.10","description":"Provides encoders and decoders for various archive and compression formats such as zip, tar, bzip2, gzip, and zlib.","repository":"https://github.com/brendan-duncan/archive","environment":{"sdk":">=2.12.0 <4.0.0"},"dependencies":{"crypto":"^3.0.3","path":"^1.8.0","pointycastle":"^3.7.3"},"dev_dependencies":{"http":"^1.1.0","lints":"^2.1.1","test":"^1.24.6"}},"archive_url":"https://pub.dev/api/archives/archive-3.4.10.tar.gz","archive_sha256":"22600aa1e926be775fa5fe7e6894e7fb3df9efda8891c73f70fb3262399a432d","published":"2024-01-03T01:26:42.762759Z"},{"version":"3.5.0","pubspec":{"name":"archive","version":"3.5.0","description":"Provides encoders and decoders for various archive and compression formats such as zip, tar, bzip2, gzip, and zlib.","repository":"https://github.com/brendan-duncan/archive","environment":{"sdk":"^3.0.0"},"dependencies":{"crypto":"^3.0.3","path":"^1.8.0"},"dev_dependencies":{"http":"^1.1.0","lints":"^3.0.0","test":"^1.24.6"}},"archive_url":"https://pub.dev/api/archives/archive-3.5.0.tar.gz","archive_sha256":"0763b45fa9294197a2885c8567927e2830ade852e5c896fd4ab7e0e348d0f373","published":"2024-04-27T03:32:34.954369Z"},{"version":"3.5.1","pubspec":{"name":"archive","version":"3.5.1","description":"Provides encoders and decoders for various archive and compression formats such as zip, tar, bzip2, gzip, and zlib.","repository":"https://github.com/brendan-duncan/archive","environment":{"sdk":"^3.0.0"},"dependencies":{"crypto":"^3.0.3","path":"^1.8.0"},"dev_dependencies":{"http":"^1.1.0","lints":"^3.0.0","test":"^1.24.6"}},"archive_url":"https://pub.dev/api/archives/archive-3.5.1.tar.gz","archive_sha256":"ecf4273855368121b1caed0d10d4513c7241dfc813f7d3c8933b36622ae9b265","published":"2024-05-04T04:50:12.170338Z"},{"version":"3.6.0","pubspec":{"name":"archive","version":"3.6.0","description":"Provides encoders and decoders for various archive and compression formats such as zip, tar, bzip2, gzip, and zlib.","repository":"https://github.com/brendan-duncan/archive","topics":["archive","zip","tar","gzip","xz"],"environment":{"sdk":"^3.0.0"},"dependencies":{"crypto":"^3.0.3","path":"^1.8.0"},"dev_dependencies":{"http":"^1.1.0","lints":"^3.0.0","test":"^1.24.6"}},"archive_url":"https://pub.dev/api/archives/archive-3.6.0.tar.gz","archive_sha256":"6bd38d335f0954f5fad9c79e614604fbf03a0e5b975923dd001b6ea965ef5b4b","published":"2024-05-22T14:44:58.921242Z"},{"version":"3.6.1","pubspec":{"name":"archive","version":"3.6.1","description":"Provides encoders and decoders for various archive and compression formats such as zip, tar, bzip2, gzip, and zlib.","repository":"https://github.com/brendan-duncan/archive","topics":["archive","zip","tar","gzip","xz"],"environment":{"sdk":"^3.0.0"},"dependencies":{"crypto":"^3.0.3","path":"^1.8.0"},"dev_dependencies":{"http":"^1.1.0","lints":"^3.0.0","test":"^1.24.6"}},"archive_url":"https://pub.dev/api/archives/archive-3.6.1.tar.gz","archive_sha256":"cb6a278ef2dbb298455e1a713bda08524a175630ec643a242c399c932a0a1f7d","published":"2024-06-01T02:43:17.892450Z"},{"version":"4.0.0","pubspec":{"name":"archive","version":"4.0.0","description":"Provides encoders and decoders for various archive and compression formats such as zip, tar, bzip2, gzip, and zlib.","repository":"https://github.com/brendan-duncan/archive","topics":["archive","zip","tar","gzip","xz"],"environment":{"sdk":">=3.0.0 <4.0.0"},"dependencies":{"crypto":"^3.0.3","path":"^1.8.0","posix":"^6.0.1"},"dev_dependencies":{"http":"^1.1.0","lints":"^4.0.0","test":"^1.24.6"}},"archive_url":"https://pub.dev/api/archives/archive-4.0.0.tar.gz","archive_sha256":"477ffbd1fda1816bd7d5d5b9432d618e62ece95949e314491ec622d40b10bab8","published":"2024-12-07T18:06:17.045138Z"},{"version":"4.0.1","pubspec":{"name":"archive","version":"4.0.1","description":"Provides encoders and decoders for various archive and compression formats such as zip, tar, bzip2, gzip, and zlib.","repository":"https://github.com/brendan-duncan/archive","topics":["archive","zip","tar","gzip","xz"],"environment":{"sdk":">=3.0.0 <4.0.0"},"dependencies":{"crypto":"^3.0.3","path":"^1.8.0","posix":"^6.0.1"},"dev_dependencies":{"http":"^1.1.0","lints":"^4.0.0","test":"^1.24.6"}},"archive_url":"https://pub.dev/api/archives/archive-4.0.1.tar.gz","archive_sha256":"08064924cbf0ab88280a0c3f60db9dd24fec693927e725ecb176f16c629d1cb8","published":"2024-12-09T02:03:54.326091Z"},{"version":"4.0.2","pubspec":{"name":"archive","version":"4.0.2","description":"Provides encoders and decoders for various archive and compression formats such as zip, tar, bzip2, gzip, and zlib.","repository":"https://github.com/brendan-duncan/archive","topics":["archive","zip","tar","gzip","xz"],"environment":{"sdk":">=3.0.0 <4.0.0"},"dependencies":{"crypto":"^3.0.3","path":"^1.8.0","posix":"^6.0.1"},"dev_dependencies":{"build_runner":"^2.4.14","build_web_compilers":"^4.1.0","http":"^1.1.0","lints":"^4.0.0","test":"^1.24.6","web":"^1.1.0"}},"archive_url":"https://pub.dev/api/archives/archive-4.0.2.tar.gz","archive_sha256":"6199c74e3db4fbfbd04f66d739e72fe11c8a8957d5f219f1f4482dbde6420b5a","published":"2024-12-19T17:37:00.017750Z"},{"version":"4.0.3","pubspec":{"name":"archive","version":"4.0.3","description":"Provides encoders and decoders for various archive and compression formats such as zip, tar, bzip2, gzip, and zlib.","repository":"https://github.com/brendan-duncan/archive","topics":["archive","zip","tar","gzip","xz"],"environment":{"sdk":">=3.0.0 <4.0.0"},"dependencies":{"crypto":"^3.0.3","path":"^1.8.0","posix":"^6.0.1"},"dev_dependencies":{"build_runner":"^2.4.14","build_web_compilers":"^4.1.0","http":"^1.1.0","lints":"^4.0.0","test":"^1.24.6","web":"^1.1.0"}},"archive_url":"https://pub.dev/api/archives/archive-4.0.3.tar.gz","archive_sha256":"528579c7e4579719f04b21eeeeddfd73a18b31dabc22766893b7d1be7f49b967","published":"2025-02-22T01:12:36.116332Z"},{"version":"4.0.4","pubspec":{"name":"archive","version":"4.0.4","description":"Provides encoders and decoders for various archive and compression formats such as zip, tar, bzip2, gzip, and zlib.","repository":"https://github.com/brendan-duncan/archive","topics":["archive","zip","tar","gzip","xz"],"environment":{"sdk":">=3.0.0 <4.0.0"},"dependencies":{"crypto":"^3.0.3","path":"^1.8.0","posix":"^6.0.1"},"dev_dependencies":{"build_runner":"^2.4.14","build_web_compilers":"^4.1.0","http":"^1.1.0","lints":"^4.0.0","test":"^1.24.6","web":"^1.1.0"}},"archive_url":"https://pub.dev/api/archives/archive-4.0.4.tar.gz","archive_sha256":"0c64e928dcbefddecd234205422bcfc2b5e6d31be0b86fef0d0dd48d7b4c9742","published":"2025-02-28T15:33:42.618278Z"},{"version":"4.0.5","pubspec":{"name":"archive","version":"4.0.5","description":"Provides encoders and decoders for various archive and compression formats such as zip, tar, bzip2, gzip, and zlib.","repository":"https://github.com/brendan-duncan/archive","topics":["archive","zip","tar","gzip","xz"],"environment":{"sdk":">=3.0.0 <4.0.0"},"dependencies":{"crypto":"^3.0.3","path":"^1.8.0","posix":"^6.0.1"},"dev_dependencies":{"build_runner":"^2.4.14","build_web_compilers":"^4.1.0","http":"^1.1.0","lints":"^4.0.0","test":"^1.24.6","web":"^1.1.0"}},"archive_url":"https://pub.dev/api/archives/archive-4.0.5.tar.gz","archive_sha256":"7dcbd0f87fe5f61cb28da39a1a8b70dbc106e2fe0516f7836eb7bb2948481a12","published":"2025-03-23T17:35:45.543239Z"},{"version":"4.0.6","pubspec":{"name":"archive","version":"4.0.6","description":"Provides encoders and decoders for various archive and compression formats such as zip, tar, bzip2, gzip, and zlib.","repository":"https://github.com/brendan-duncan/archive","topics":["archive","zip","tar","gzip","xz"],"environment":{"sdk":">=3.0.0 <4.0.0"},"dependencies":{"crypto":"^3.0.3","path":"^1.8.0","posix":"^6.0.1"},"dev_dependencies":{"build_runner":"^2.4.14","build_web_compilers":"^4.1.0","http":"^1.1.0","lints":"^4.0.0","test":"^1.24.6","web":"^1.1.0"}},"archive_url":"https://pub.dev/api/archives/archive-4.0.6.tar.gz","archive_sha256":"a7f37ff061d7abc2fcf213554b9dcaca713c5853afa5c065c44888bc9ccaf813","published":"2025-04-18T03:44:21.839208Z"},{"version":"4.0.7","pubspec":{"name":"archive","version":"4.0.7","description":"Provides encoders and decoders for various archive and compression formats such as zip, tar, bzip2, gzip, and zlib.","repository":"https://github.com/brendan-duncan/archive","topics":["archive","zip","tar","gzip","xz"],"environment":{"sdk":">=3.0.0 <4.0.0"},"dependencies":{"crypto":"^3.0.3","path":"^1.8.0","posix":"^6.0.2"},"dev_dependencies":{"build_runner":"^2.4.14","build_web_compilers":"^4.1.0","http":"^1.1.0","lints":"^4.0.0","test":"^1.24.6","web":"^1.1.0"}},"archive_url":"https://pub.dev/api/archives/archive-4.0.7.tar.gz","archive_sha256":"2fde1607386ab523f7a36bb3e7edb43bd58e6edaf2ffb29d8a6d578b297fdbbd","published":"2025-04-23T05:33:34.025848Z"},{"version":"4.0.8","pubspec":{"name":"archive","version":"4.0.8","description":"Provides encoders and decoders for various archive and compression formats such as zip, tar, bzip2, gzip, and zlib.","repository":"https://github.com/brendan-duncan/archive","topics":["archive","zip","tar","gzip","xz"],"environment":{"sdk":">=3.0.0 <4.0.0"},"dependencies":{"path":"^1.8.0","posix":"^6.0.2"},"dev_dependencies":{"build_runner":"^2.4.14","build_web_compilers":"^4.1.0","http":"^1.1.0","lints":"^4.0.0","test":"^1.24.6","web":"^1.1.0"}},"archive_url":"https://pub.dev/api/archives/archive-4.0.8.tar.gz","archive_sha256":"16a4a4610a4375e2cfe0db0985bd817935219c627f8fd25a4b2a5b408ed34e64","published":"2026-02-17T03:21:53.504773Z"},{"version":"4.0.9","pubspec":{"name":"archive","version":"4.0.9","description":"Provides encoders and decoders for various archive and compression formats such as zip, tar, bzip2, gzip, and zlib.","repository":"https://github.com/brendan-duncan/archive","topics":["archive","zip","tar","gzip","xz"],"environment":{"sdk":">=3.0.0 <4.0.0"},"dependencies":{"path":"^1.8.0","posix":"^6.0.2"},"dev_dependencies":{"build_runner":"^2.4.14","build_web_compilers":"^4.1.0","http":"^1.1.0","lints":"^4.0.0","test":"^1.24.6","web":"^1.1.0"}},"archive_url":"https://pub.dev/api/archives/archive-4.0.9.tar.gz","archive_sha256":"a96e8b390886ee8abb49b7bd3ac8df6f451c621619f52a26e815fdcf568959ff","published":"2026-02-17T14:52:25.487906Z"}],"advisoriesUpdated":"2026-05-04T16:03:47.124153Z","_fetchedAt":"2026-08-05T01:20:19.395882"}
IO  : Get versions from https://pub.dev/api/packages/http.
IO  : HTTP GET https://pub.dev/api/packages/http
    | Accept: application/vnd.pub.v2+json
    | user-agent: Dart pub 3.5.4
IO  : HTTP response 200 OK for GET https://pub.dev/api/packages/http
    | took 0:00:00.082617
    | x-goog-storage-class: STANDARD
    | last-modified: Mon, 04 May 2026 16:03:56 GMT
    | cache-control: public, max-age=120
    | date: Tue, 04 Aug 2026 22:18:56 GMT
    | access-control-allow-origin: *
    | vary: Accept-Encoding
    | content-encoding: gzip
    | x-goog-stored-content-length: 10263
    | age: 82
    | x-guploader-uploadid: AKhXX7LmeNhx7wNTJfqBQ_6zgL4u8f6QUI9QOTQk0J7w2YwfYTTTJsqaDoTzrz_3GN5JqLRtnWmEcIk
    | access-control-expose-headers: ETag,x-goog-hash,Accept,User-Agent
    | x-goog-hash: crc32c=nnwKDw==,md5=5Bohrai1MKee49TOYDJsnw==
    | content-type: application/json; charset="utf-8"
    | x-goog-generation: 1777910636152342
    | server: UploadServer
    | alt-svc: h3=":443"; ma=2592000
    | x-goog-meta-validated: 2026-07-30T18:16:10.682274
    | accept-ranges: bytes
    | content-length: 10263
    | x-goog-stored-content-encoding: gzip
    | etag: "e41a21ada8b530a79ee3d4ce60326c9f"
    | via: 1.1 google
    | x-goog-metageneration: 28
    | expires: Tue, 04 Aug 2026 22:20:56 GMT
IO  : Writing 74734 characters to text file C:\dev\muaman-13i-environment-b-independent-pub-cache-root\hosted\pub.dev\.cache\http-versions.json.
FINE: Contents:
    | {"name":"http","latest":{"version":"1.6.0","pubspec":{"name":"http","version":"1.6.0","description":"A composable, multi-platform, Future-based API for HTTP requests.","repository":"https://github.com/dart-lang/http/tree/master/pkgs/http","topics":["http","network","protocols"],"environment":{"sdk":"^3.4.0"},"dependencies":{"async":"^2.5.0","http_parser":"^4.0.0","meta":"^1.3.0","web":">=0.5.0 <2.0.0"},"dev_dependencies":{"dart_flutter_team_lints":"^3.0.0","fake_async":"^1.2.0","http_client_conformance_tests":{"path":"../http_client_conformance_tests/"},"shelf":"^1.1.0","stream_channel":"^2.1.1","test":"^1.21.2"}},"archive_url":"https://pub.dev/api/archives/http-1.6.0.tar.gz","archive_sha256":"87721a4a50b19c7f1d49001e51409bddc46303966ce89a65af4f4e6004896412","published":"2025-11-10T18:27:56.434747Z"},"versions":[{"version":"0.2.7+0","pubspec":{"dependencies":{"unittest":null},"name":"http","version":"0.2.7+0","description":"A composable, Future-based API for making HTTP requests."},"archive_url":"https://pub.dev/api/archives/http-0.2.7%2B0.tar.gz","archive_sha256":"cc4fedb40b3c48d1a7558fcfe8d0f479046f017337d7b6b883208d65dbf8724d","published":"2012-11-30T20:40:39.500320Z"},{"version":"0.2.8+2","pubspec":{"dependencies":{"unittest":null},"description":"A composable, Future-based API for making HTTP requests.","version":"0.2.8+2","author":"Dart Team <misc@dartlang.org>","homepage":"http://www.dartlang.org","name":"http"},"archive_url":"https://pub.dev/api/archives/http-0.2.8%2B2.tar.gz","archive_sha256":"9d1e1102615d985381ebbf6b05afb85d8f73099046e0af0aa1170b504fc580bc","published":"2012-12-11T21:38:04.577020Z"},{"version":"0.2.9+7","pubspec":{"dependencies":{"unittest":null},"name":"http","version":"0.2.9+7","author":"Dart Team <misc@dartlang.org>","homepage":"http://www.dartlang.org","description":"A composable, Future-based API for making HTTP requests."},"archive_url":"https://pub.dev/api/archives/http-0.2.9%2B7.tar.gz","archive_sha256":"dc86d403c212c9a5ef2f44a6df76e42465022a2bef044a9a0a8341599319d4e1","published":"2012-12-18T18:00:14.561230Z"},{"version":"0.2.10+1","pubspec":{"dependencies":{"unittest":null},"name":"http","version":"0.2.10+1","author":"Dart Team <misc@dartlang.org>","homepage":"http://www.dartlang.org","description":"A composable, Future-based API for making HTTP requests."},"archive_url":"https://pub.dev/api/archives/http-0.2.10%2B1.tar.gz","archive_sha256":"6aa53de6179af158b47a0d69ae5d9ac5e0d12b779a7919e84f5398367ea2cb42","published":"2013-01-09T01:29:13.679820Z"},{"version":"0.3.1+1","pubspec":{"dependencies":{"unittest":null},"description":"A composable, Future-based API for making HTTP requests.","version":"0.3.1+1","author":"Dart Team <misc@dartlang.org>","homepage":"http://www.dartlang.org","name":"http"},"archive_url":"https://pub.dev/api/archives/http-0.3.1%2B1.tar.gz","archive_sha256":"ccbef777a4b33d1c2818198ec8bf7174076cffdde1096d8f404b3e2e028c2ea6","published":"2013-01-22T22:01:39.202300Z"},{"version":"0.3.2","pubspec":{"dependencies":{"unittest":null},"description":"A composable, Future-based API for making HTTP requests.","version":"0.3.2","author":"Dart Team <misc@dartlang.org>","homepage":"http://www.dartlang.org","name":"http"},"archive_url":"https://pub.dev/api/archives/http-0.3.2.tar.gz","archive_sha256":"fe904a6982782e438e2c02d2992f87b0cd920221e9b1e3ab525695f5b72ded39","published":"2013-01-28T20:39:26.578710Z"},{"version":"0.3.4","pubspec":{"dependencies":{"unittest":null},"description":"A composable, Future-based API for making HTTP requests.","version":"0.3.4","author":"Dart Team <misc@dartlang.org>","homepage":"http://www.dartlang.org","name":"http"},"archive_url":"https://pub.dev/api/archives/http-0.3.4.tar.gz","archive_sha256":"0d7adf4deb5c92649ea48bfa56e5891407120f198d62fd3e4931665b405ec8a5","published":"2013-02-05T17:01:17.475490Z"},{"version":"0.3.5+1","pubspec":{"dependencies":{"unittest":null},"name":"http","version":"0.3.5+1","author":"Dart Team <misc@dartlang.org>","homepage":"http://www.dartlang.org","description":"A composable, Future-based API for making HTTP requests."},"archive_url":"https://pub.dev/api/archives/http-0.3.5%2B1.tar.gz","archive_sha256":"5387d9d5db5312caa886a50c5e77a8898ed037cf9b4e16d49f49ffc384524aee","published":"2013-02-11T19:58:13.358950Z"},{"version":"0.3.7+6","pubspec":{"dependencies":{"unittest":null},"description":"A composable, Future-based API for making HTTP requests.","version":"0.3.7+6","author":"Dart Team <misc@dartlang.org>","homepage":"http://www.dartlang.org","name":"http"},"archive_url":"https://pub.dev/api/archives/http-0.3.7%2B6.tar.gz","archive_sha256":"200783792eccac638233571a2c28968fa2660bff6a63548d89dd2a060807e360","published":"2013-02-20T20:46:24.395040Z"},{"version":"0.4.0","pubspec":{"dependencies":{"unittest":null},"description":"A composable, Future-based API for making HTTP requests.","version":"0.4.0","author":"Dart Team <misc@dartlang.org>","homepage":"http://www.dartlang.org","name":"http"},"archive_url":"https://pub.dev/api/archives/http-0.4.0.tar.gz","archive_sha256":"95659b30c480cb0b323c2cbbf3397110067a8a1e82895cb939fd8b4cf0adb877","published":"2013-02-25T18:40:42.450890Z"},{"version":"0.4.1","pubspec":{"dependencies":{"unittest":null},"name":"http","version":"0.4.1","author":"Dart Team <misc@dartlang.org>","homepage":"http://www.dartlang.org","description":"A composable, Future-based API for making HTTP requests."},"archive_url":"https://pub.dev/api/archives/http-0.4.1.tar.gz","archive_sha256":"7676a5aa80d431c7aa64fd2f3e0b6acf57f6449e668f6569c660b728b2ed1e88","published":"2013-03-05T19:03:00.109350Z"},{"version":"0.4.2","pubspec":{"environment":{"sdk":">=0.4.2"},"dependencies":{"unittest":null},"description":"A composable, Future-based API for making HTTP requests.","version":"0.4.2","author":"Dart Team <misc@dartlang.org>","homepage":"http://www.dartlang.org","name":"http"},"archive_url":"https://pub.dev/api/archives/http-0.4.2.tar.gz","archive_sha256":"4e4bcb9027c7b791c326a3bcbcf3c7e0ec9cb88ce8ff3cdd823f118cdbc1135d","published":"2013-03-16T00:14:34.988650Z"},{"version":"0.4.3+1","pubspec":{"environment":{"sdk":">=0.4.3+1"},"version":"0.4.3+1","description":"A composable, Future-based API for making HTTP requests.","author":"Dart Team <misc@dartlang.org>","dev_dependencies":{"unittest":"any"},"homepage":"http://www.dartlang.org","name":"http"},"archive_url":"https://pub.dev/api/archives/http-0.4.3%2B1.tar.gz","archive_sha256":"7efac2b726c77bb6d075a5b228979a808e16e1b7c9eb9787dfc9e6f71e9d1c57","published":"2013-03-25T19:53:54.886410Z"},{"version":"0.4.4+4","pubspec":{"description":"A composable, Future-based API for making HTTP requests.","author":"Dart Team <misc@dartlang.org>","environment":{"sdk":">=0.4.4+4"},"dependencies":{"pathos":"any"},"version":"0.4.4+4","dev_dependencies":{"unittest":"any"},"homepage":"http://www.dartlang.org","name":"http"},"archive_url":"https://pub.dev/api/archives/http-0.4.4%2B4.tar.gz","archive_sha256":"b18f1fae3d6ad37df2f75b668f17b854f82ce4aaca3440406281f7970782dd77","published":"2013-04-03T17:57:14.342840Z"},{"version":"0.4.5+1","pubspec":{"description":"A composable, Future-based API for making HTTP requests.","author":"Dart Team <misc@dartlang.org>","environment":{"sdk":">=0.4.5+1"},"dependencies":{"pathos":"any"},"version":"0.4.5+1","dev_dependencies":{"unittest":"any"},"homepage":"http://www.dartlang.org","name":"http"},"archive_url":"https://pub.dev/api/archives/http-0.4.5%2B1.tar.gz","archive_sha256":"bfe2c238513a52dabdabbbe9db0fd699f22027ddb5880629fc1c3e23726529fc","published":"2013-04-08T23:13:59.686900Z"},{"version":"0.4.7+1","pubspec":{"description":"A composable, Future-based API for making HTTP requests.","author":"Dart Team <misc@dartlang.org>","environment":{"sdk":">=0.4.7+1"},"dependencies":{"pathos":"any"},"version":"0.4.7+1","dev_dependencies":{"unittest":"any"},"homepage":"http://www.dartlang.org","name":"http"},"archive_url":"https://pub.dev/api/archives/http-0.4.7%2B1.tar.gz","archive_sha256":"71460281334b90ce9d200903464f763aa26511d9fc64d381b3fa067640cd92a9","published":"2013-04-16T15:43:00.344380Z"},{"version":"0.5.0+1","pubspec":{"description":"A composable, Future-based API for making HTTP requests.","author":"Dart Team <misc@dartlang.org>","environment":{"sdk":">=0.5.0+1"},"dependencies":{"pathos":"any"},"version":"0.5.0+1","dev_dependencies":{"unittest":"any"},"homepage":"http://www.dartlang.org","name":"http"},"archive_url":"https://pub.dev/api/archives/http-0.5.0%2B1.tar.gz","archive_sha256":"b918d9bd630318faf92923eabadac807529e7727026f8d256afae2bbfd09823e","published":"2013-04-23T00:51:32.217120Z"},{"version":"0.5.1","pubspec":{"description":"A composable, Future-based API for making HTTP requests.","author":"Dart Team <misc@dartlang.org>","environment":{"sdk":">=0.5.1"},"dependencies":{"pathos":"any"},"version":"0.5.1","dev_dependencies":{"unittest":"any"},"homepage":"http://www.dartlang.org","name":"http"},"archive_url":"https://pub.dev/api/archives/http-0.5.1.tar.gz","archive_sha256":"252274c71a2c8739d0ab27270ac578626c9559989055281ccf949d40f0f9c25d","published":"2013-04-29T18:53:07.773720Z"},{"version":"0.5.4","pubspec":{"description":"A composable, Future-based API for making HTTP requests.","author":"Dart Team <misc@dartlang.org>","environment":{"sdk":">=0.5.4"},"dependencies":{"pathos":"any"},"version":"0.5.4","dev_dependencies":{"unittest":"any"},"homepage":"http://www.dartlang.org","name":"http"},"archive_url":"https://pub.dev/api/archives/http-0.5.4.tar.gz","archive_sha256":"46b8621fe3d08500a2d170e12e9c97fa412c6e0dbf47585738c8df7f48c78eb2","published":"2013-05-03T16:42:54.978040Z"},{"version":"0.5.5","pubspec":{"description":"A composable, Future-based API for making HTTP requests.","author":"Dart Team <misc@dartlang.org>","environment":{"sdk":">=0.5.5"},"dependencies":{"pathos":"any"},"version":"0.5.5","dev_dependencies":{"unittest":"any"},"homepage":"http://www.dartlang.org","name":"http"},"archive_url":"https://pub.dev/api/archives/http-0.5.5.tar.gz","archive_sha256":"abea59a74ab370ddbf610e999428b0a5fdd28e6ac90a35769e22c3fb15e37369","published":"2013-05-06T19:19:55.005390Z"},{"version":"0.5.6","pubspec":{"description":"A composable, Future-based API for making HTTP requests.","author":"Dart Team <misc@dartlang.org>","environment":{"sdk":">=0.5.6"},"dependencies":{"pathos":"any"},"version":"0.5.6","dev_dependencies":{"unittest":"any"},"homepage":"http://www.dartlang.org","name":"http"},"archive_url":"https://pub.dev/api/archives/http-0.5.6.tar.gz","archive_sha256":"8bd1b6d9c245b232a0a19d9271fc77d84a19b6dde45f375e63dd8655ee0e8301","published":"2013-05-08T16:43:35.308300Z"},{"version":"0.5.7","pubspec":{"description":"A composable, Future-based API for making HTTP requests.","author":"Dart Team <misc@dartlang.org>","environment":{"sdk":">=0.5.7"},"dependencies":{"pathos":"any"},"version":"0.5.7","dev_dependencies":{"unittest":"any"},"homepage":"http://www.dartlang.org","name":"http"},"archive_url":"https://pub.dev/api/archives/http-0.5.7.tar.gz","archive_sha256":"19dcbdc1c6a3b93430471b4c09aaf7fc79927e6299521f74bc04762d518ab380","published":"2013-05-10T05:06:38.710760Z"},{"version":"0.5.9","pubspec":{"description":"A composable, Future-based API for making HTTP requests.","author":"Dart Team <misc@dartlang.org>","environment":{"sdk":">=0.5.9"},"dependencies":{"pathos":"any"},"version":"0.5.9","dev_dependencies":{"unittest":"any"},"homepage":"http://www.dartlang.org","name":"http"},"archive_url":"https://pub.dev/api/archives/http-0.5.9.tar.gz","archive_sha256":"7d064bd6d99258c66d09263b54cd0fd428af941b8cbf2f90c2a5a594956f6eac","published":"2013-05-20T15:47:17.158060Z"},{"version":"0.5.11+1","pubspec":{"description":"A composable, Future-based API for making HTTP requests.","author":"Dart Team <misc@dartlang.org>","environment":{"sdk":">=0.5.11+1"},"dependencies":{"pathos":"any"},"version":"0.5.11+1","dev_dependencies":{"unittest":"any"},"homepage":"http://www.dartlang.org","name":"http"},"archive_url":"https://pub.dev/api/archives/http-0.5.11%2B1.tar.gz","archive_sha256":"bea7eadad8fa05403d2e55553741671b2df630ac82f2bc6c5db4ecce49109fc7","published":"2013-05-29T00:09:56.285560Z"},{"version":"0.5.12","pubspec":{"description":"A composable, Future-based API for making HTTP requests.","author":"Dart Team <misc@dartlang.org>","environment":{"sdk":">=0.5.12"},"dependencies":{"pathos":"any"},"version":"0.5.12","dev_dependencies":{"unittest":"any"},"homepage":"http://www.dartlang.org","name":"http"},"archive_url":"https://pub.dev/api/archives/http-0.5.12.tar.gz","archive_sha256":"3b4a7369fb18da5a37c08d30283292426db2ad70c63bbca8701cb3f605a5faf2","published":"2013-05-29T18:32:09.551810Z"},{"version":"0.5.13","pubspec":{"description":"A composable, Future-based API for making HTTP requests.","author":"Dart Team <misc@dartlang.org>","environment":{"sdk":">=0.5.13"},"dependencies":{"pathos":"any"},"version":"0.5.13","dev_dependencies":{"unittest":"any"},"homepage":"http://www.dartlang.org","name":"http"},"archive_url":"https://pub.dev/api/archives/http-0.5.13.tar.gz","archive_sha256":"9d859dc83afd16e260dc819ec393de66085fdf6b669782b021ab45b6b24f9b69","published":"2013-06-03T16:05:44.054360Z"},{"version":"0.5.14+1","pubspec":{"description":"A composable, Future-based API for making HTTP requests.","author":"Dart Team <misc@dartlang.org>","environment":{"sdk":">=0.5.14+1"},"dependencies":{"pathos":"any"},"version":"0.5.14+1","dev_dependencies":{"unittest":"any"},"homepage":"http://www.dartlang.org","name":"http"},"archive_url":"https://pub.dev/api/archives/http-0.5.14%2B1.tar.gz","archive_sha256":"a87c7283ce61d95196de5af18de744f02204d4464737cb0d99d4d3130ccb4ccf","published":"2013-06-05T15:05:41.590860Z"},{"version":"0.5.14+3","pubspec":{"description":"A composable, Future-based API for making HTTP requests.","author":"Dart Team <misc@dartlang.org>","environment":{"sdk":">=0.5.14+3"},"dependencies":{"pathos":"any"},"version":"0.5.14+3","dev_dependencies":{"unittest":"any"},"homepage":"http://www.dartlang.org","name":"http"},"archive_url":"https://pub.dev/api/archives/http-0.5.14%2B3.tar.gz","archive_sha256":"bcb12773c7173b30f8a2763f0c74f2b0f76d8070eb4618ecd1945e3379b315c5","published":"2013-06-06T16:37:50.749750Z"},{"version":"0.5.15","pubspec":{"description":"A composable, Future-based API for making HTTP requests.","author":"Dart Team <misc@dartlang.org>","environment":{"sdk":">=0.5.15"},"dependencies":{"pathos":"any"},"version":"0.5.15","dev_dependencies":{"unittest":"any"},"homepage":"http://www.dartlang.org","name":"http"},"archive_url":"https://pub.dev/api/archives/http-0.5.15.tar.gz","archive_sha256":"b672b717751266c43bedf3675ae982174d90114d3de0c491176dda1b03c1d7b2","published":"2013-06-07T23:01:31.562680Z"},{"version":"0.5.16","pubspec":{"description":"A composable, Future-based API for making HTTP requests.","author":"Dart Team <misc@dartlang.org>","environment":{"sdk":">=0.5.16"},"dependencies":{"pathos":"any"},"version":"0.5.16","dev_dependencies":{"unittest":"any"},"homepage":"http://www.dartlang.org","name":"http"},"archive_url":"https://pub.dev/api/archives/http-0.5.16.tar.gz","archive_sha256":"0e46718ad230446563688301036d27f274c670272ef89be7202bdeb8d8097556","published":"2013-06-10T16:37:20.223020Z"},{"version":"0.5.17","pubspec":{"description":"A composable, Future-based API for making HTTP requests.","author":"Dart Team <misc@dartlang.org>","environment":{"sdk":">=0.5.17"},"dependencies":{"pathos":"any"},"version":"0.5.17","dev_dependencies":{"unittest":"any"},"homepage":"http://www.dartlang.org","name":"http"},"archive_url":"https://pub.dev/api/archives/http-0.5.17.tar.gz","archive_sha256":"1387dfa7e2af4d8aedf3e794735dd01e5cee56aaaaebcac366e653566a489c2e","published":"2013-06-12T17:53:24.207490Z"},{"version":"0.5.20","pubspec":{"description":"A composable, Future-based API for making HTTP requests.","author":"Dart Team <misc@dartlang.org>","environment":{"sdk":">=0.5.20"},"dependencies":{"pathos":"any"},"version":"0.5.20","dev_dependencies":{"unittest":"any"},"homepage":"http://www.dartlang.org","name":"http"},"archive_url":"https://pub.dev/api/archives/http-0.5.20.tar.gz","archive_sha256":"990b3b01d0646b2f63981dc53c28c99391a76520176f9c5b53429fc5d9956af8","published":"2013-06-17T22:08:35.469610Z"},{"version":"0.6.1","pubspec":{"description":"A composable, Future-based API for making HTTP requests.","author":"Dart Team <misc@dartlang.org>","environment":{"sdk":">=0.6.1"},"dependencies":{"pathos":"any"},"version":"0.6.1","dev_dependencies":{"unittest":"any"},"homepage":"http://www.dartlang.org","name":"http"},"archive_url":"https://pub.dev/api/archives/http-0.6.1.tar.gz","archive_sha256":"dfe7f73ac1a822cbd482143be472b12dcb1e50a3169aa3528e9ca07c119fa8e1","published":"2013-06-27T19:33:41.590250Z"},{"version":"0.6.2","pubspec":{"description":"A composable, Future-based API for making HTTP requests.","author":"Dart Team <misc@dartlang.org>","environment":{"sdk":">=0.6.2"},"dependencies":{"pathos":"any"},"version":"0.6.2","dev_dependencies":{"unittest":"any"},"homepage":"http://www.dartlang.org","name":"http"},"archive_url":"https://pub.dev/api/archives/http-0.6.2.tar.gz","archive_sha256":"31c12a49bc61549297419f03b3b018226e07ef32fcb35f24c5da650da3b80d55","published":"2013-06-28T20:56:32.002060Z"},{"version":"0.6.3+1","pubspec":{"description":"A composable, Future-based API for making HTTP requests.","author":"Dart Team <misc@dartlang.org>","environment":{"sdk":">=0.6.3+1"},"dependencies":{"pathos":"any"},"version":"0.6.3+1","dev_dependencies":{"unittest":"any"},"homepage":"http://www.dartlang.org","name":"http"},"archive_url":"https://pub.dev/api/archives/http-0.6.3%2B1.tar.gz","archive_sha256":"4ae18dab8a697421a6044dd264c656084d3dfe519bcbf7dfab50ca9ec58b6bdd","published":"2013-07-09T00:24:32.938100Z"},{"version":"0.6.5","pubspec":{"description":"A composable, Future-based API for making HTTP requests.","author":"Dart Team <misc@dartlang.org>","environment":{"sdk":">=0.6.5"},"dependencies":{"path":"any"},"version":"0.6.5","dev_dependencies":{"unittest":"any"},"homepage":"http://www.dartlang.org","name":"http"},"archive_url":"https://pub.dev/api/archives/http-0.6.5.tar.gz","archive_sha256":"aaed00205a8d348a44e8f5466e304c67a3815729f73c4fb6c5cfe41e9d583dfb","published":"2013-07-16T00:21:17.510100Z"},{"version":"0.6.6","pubspec":{"description":"A composable, Future-based API for making HTTP requests.","author":"Dart Team <misc@dartlang.org>","environment":{"sdk":">=0.6.6"},"dependencies":{"path":"any"},"version":"0.6.6","dev_dependencies":{"unittest":"any"},"homepage":"http://www.dartlang.org","name":"http"},"archive_url":"https://pub.dev/api/archives/http-0.6.6.tar.gz","archive_sha256":"719b5eb003fff1fa38519c4326553356b00dd4f8d9153036a243a985ab14f61e","published":"2013-07-17T19:42:19.742530Z"},{"version":"0.6.8","pubspec":{"description":"A composable, Future-based API for making HTTP requests.","author":"Dart Team <misc@dartlang.org>","environment":{"sdk":">=0.6.8"},"dependencies":{"path":"any"},"version":"0.6.8","dev_dependencies":{"unittest":"any"},"homepage":"http://www.dartlang.org","name":"http"},"archive_url":"https://pub.dev/api/archives/http-0.6.8.tar.gz","archive_sha256":"56d84929f9c20502c81a497a986fde8d785505c0aba95c45b80b98e13341dd32","published":"2013-07-19T20:56:06.157320Z"},{"version":"0.6.9","pubspec":{"description":"A composable, Future-based API for making HTTP requests.","author":"Dart Team <misc@dartlang.org>","environment":{"sdk":">=0.6.9"},"dependencies":{"path":"any"},"version":"0.6.9","dev_dependencies":{"unittest":"any"},"homepage":"http://www.dartlang.org","name":"http"},"archive_url":"https://pub.dev/api/archives/http-0.6.9.tar.gz","archive_sha256":"3033507ee9edd5552c4694a7d7fcb6210fb3a1d59863e0e1de76f9887047c58b","published":"2013-07-22T15:15:26.206620Z"},{"version":"0.6.9+2","pubspec":{"description":"A composable, Future-based API for making HTTP requests.","author":"Dart Team <misc@dartlang.org>","environment":{"sdk":">=0.6.9+2"},"dependencies":{"path":"any"},"version":"0.6.9+2","dev_dependencies":{"unittest":"any"},"homepage":"http://www.dartlang.org","name":"http"},"archive_url":"https://pub.dev/api/archives/http-0.6.9%2B2.tar.gz","archive_sha256":"d61901f7b062ddc0961d900077c0471ca9ee832cbc7a1647b5f9a7c17f26966a","published":"2013-07-24T03:59:10.191760Z"},{"version":"0.6.11","pubspec":{"description":"A composable, Future-based API for making HTTP requests.","author":"Dart Team <misc@dartlang.org>","environment":{"sdk":">=0.6.11"},"dependencies":{"path":"any"},"version":"0.6.11","dev_dependencies":{"unittest":"any"},"homepage":"http://www.dartlang.org","name":"http"},"archive_url":"https://pub.dev/api/archives/http-0.6.11.tar.gz","archive_sha256":"a26b3ab6e5e86f1e38f6005f42cfed05fa27adb4d41a8b55b89c6ae375c30692","published":"2013-07-25T05:10:12.536890Z"},{"version":"0.6.12","pubspec":{"description":"A composable, Future-based API for making HTTP requests.","author":"Dart Team <misc@dartlang.org>","environment":{"sdk":">=0.6.12"},"dependencies":{"path":"any"},"version":"0.6.12","dev_dependencies":{"unittest":"any"},"homepage":"http://www.dartlang.org","name":"http"},"archive_url":"https://pub.dev/api/archives/http-0.6.12.tar.gz","archive_sha256":"6e807c433ce1401d354d5c0e9dd283d3d32df060dffb4d32036a2565c2b81b7a","published":"2013-07-26T20:07:05.378360Z"},{"version":"0.6.13","pubspec":{"description":"A composable, Future-based API for making HTTP requests.","author":"Dart Team <misc@dartlang.org>","environment":{"sdk":">=0.6.13"},"dependencies":{"path":"any"},"version":"0.6.13","dev_dependencies":{"unittest":"any"},"homepage":"http://www.dartlang.org","name":"http"},"archive_url":"https://pub.dev/api/archives/http-0.6.13.tar.gz","archive_sha256":"42781cc356c90703544e6291c63992f381ad8422fd7c09e2d395b23a6ba9143f","published":"2013-07-30T21:56:38.533930Z"},{"version":"0.6.14","pubspec":{"description":"A composable, Future-based API for making HTTP requests.","author":"Dart Team <misc@dartlang.org>","environment":{"sdk":">=0.6.14"},"dependencies":{"path":"any"},"version":"0.6.14","dev_dependencies":{"unittest":"any"},"homepage":"http://www.dartlang.org","name":"http"},"archive_url":"https://pub.dev/api/archives/http-0.6.14.tar.gz","archive_sha256":"9a185ecc7a56cabb8a4ef01c75fc6b8bef954ec1f6ac8fa09fdcf5b4ec304272","published":"2013-08-02T16:25:52.895340Z"},{"version":"0.6.15+2","pubspec":{"description":"A composable, Future-based API for making HTTP requests.","author":"Dart Team <misc@dartlang.org>","environment":{"sdk":">=0.6.15+1"},"dependencies":{"path":"any"},"version":"0.6.15+2","dev_dependencies":{"unittest":"any"},"homepage":"http://www.dartlang.org","name":"http"},"archive_url":"https://pub.dev/api/archives/http-0.6.15%2B2.tar.gz","archive_sha256":"8d0d6da8b2536f3be79c8a2249935da979e6423454483eb9f0b847d17de10b76","published":"2013-08-05T22:50:17.263150Z"},{"version":"0.6.15+3","pubspec":{"description":"A composable, Future-based API for making HTTP requests.","author":"Dart Team <misc@dartlang.org>","environment":{"sdk":">=0.6.15+3"},"dependencies":{"path":"any"},"version":"0.6.15+3","dev_dependencies":{"unittest":"any"},"homepage":"http://www.dartlang.org","name":"http"},"archive_url":"https://pub.dev/api/archives/http-0.6.15%2B3.tar.gz","archive_sha256":"ab0801d06d69ad5cf26895c29104bd2290e93fd8a07bb1b2e3a5cb912c5012a1","published":"2013-08-06T20:13:30.670990Z"},{"version":"0.6.17","pubspec":{"description":"A composable, Future-based API for making HTTP requests.","author":"Dart Team <misc@dartlang.org>","environment":{"sdk":">=0.6.17"},"dependencies":{"path":"any"},"version":"0.6.17","dev_dependencies":{"unittest":"any"},"homepage":"http://www.dartlang.org","name":"http"},"archive_url":"https://pub.dev/api/archives/http-0.6.17.tar.gz","archive_sha256":"b23eac3e7357f9d441bcd376a405f92a97c5b61e06609d81c85baf3e4f1ac9b7","published":"2013-08-10T17:35:55.698090Z"},{"version":"0.6.17+2","pubspec":{"description":"A composable, Future-based API for making HTTP requests.","author":"Dart Team <misc@dartlang.org>","environment":{"sdk":">=0.6.17+2"},"dependencies":{"path":"any"},"version":"0.6.17+2","dev_dependencies":{"unittest":"any"},"homepage":"http://www.dartlang.org","name":"http"},"archive_url":"https://pub.dev/api/archives/http-0.6.17%2B2.tar.gz","archive_sha256":"80c26f25bffb378dc0149fa078d84c399c883431d7714427d44340cd8dbb71bb","published":"2013-08-12T22:22:29.543370Z"},{"version":"0.6.19","pubspec":{"description":"A composable, Future-based API for making HTTP requests.","author":"Dart Team <misc@dartlang.org>","environment":{"sdk":">=0.6.19"},"dependencies":{"path":"any"},"version":"0.6.19","dev_dependencies":{"unittest":"any"},"homepage":"http://www.dartlang.org","name":"http"},"archive_url":"https://pub.dev/api/archives/http-0.6.19.tar.gz","archive_sha256":"6ef5e4403e3afd17bd0fc4557f423ba1bf9e32bfe01362de46c79d1b3a64f6f1","published":"2013-08-19T16:11:24.139910Z"},{"version":"0.6.20+1","pubspec":{"description":"A composable, Future-based API for making HTTP requests.","author":"Dart Team <misc@dartlang.org>","environment":{"sdk":">=0.6.20+1"},"dependencies":{"path":"any"},"version":"0.6.20+1","dev_dependencies":{"unittest":"any"},"homepage":"http://www.dartlang.org","name":"http"},"archive_url":"https://pub.dev/api/archives/http-0.6.20%2B1.tar.gz","archive_sha256":"6c87dc3b3815762b7911181faa55651120a60f376ffbcf1b9b554c2cc6b95578","published":"2013-08-22T18:19:51.125280Z"},{"version":"0.6.21+3","pubspec":{"description":"A composable, Future-based API for making HTTP requests.","author":"Dart Team <misc@dartlang.org>","environment":{"sdk":">=0.6.21+3"},"dependencies":{"path":"any"},"version":"0.6.21+3","dev_dependencies":{"unittest":"any"},"homepage":"http://www.dartlang.org","name":"http"},"archive_url":"https://pub.dev/api/archives/http-0.6.21%2B3.tar.gz","archive_sha256":"e2b39364c7a605130fabea4d2c7143c84304c3dd27467178dae474d3bc23a9cd","published":"2013-08-26T17:43:29.476Z"},{"version":"0.7.0","pubspec":{"description":"A composable, Future-based API for making HTTP requests.","author":"Dart Team <misc@dartlang.org>","environment":{"sdk":">=0.7.0"},"dependencies":{"path":"any"},"version":"0.7.0","dev_dependencies":{"unittest":"any"},"homepage":"http://www.dartlang.org","name":"http"},"archive_url":"https://pub.dev/api/archives/http-0.7.0.tar.gz","archive_sha256":"cf906ff5d79ccd77433cfe787a899eb01d780a723c36a404b5a66cd501fc3875","published":"2013-08-28T19:29:32.106830Z"},{"version":"0.7.1","pubspec":{"description":"A composable, Future-based API for making HTTP requests.","author":"Dart Team <misc@dartlang.org>","environment":{"sdk":">=0.7.1"},"dependencies":{"path":"any"},"version":"0.7.1","dev_dependencies":{"unittest":"any"},"homepage":"http://www.dartlang.org","name":"http"},"archive_url":"https://pub.dev/api/archives/http-0.7.1.tar.gz","archive_sha256":"2a54be235d789abf18e25154f9bdeff97be5ad202b8c466468ad2f7102a99f7a","published":"2013-09-03T15:52:50.166050Z"},{"version":"0.7.2","pubspec":{"description":"A composable, Future-based API for making HTTP requests.","author":"Dart Team <misc@dartlang.org>","environment":{"sdk":">=0.7.2"},"dependencies":{"path":"any"},"version":"0.7.2","dev_dependencies":{"unittest":"any"},"homepage":"http://www.dartlang.org","name":"http"},"archive_url":"https://pub.dev/api/archives/http-0.7.2.tar.gz","archive_sha256":"4dabf6cf7fa5b1d682d08607c767f3079d29c3fce1c3476cf8fc93c936137502","published":"2013-09-06T15:51:56.742310Z"},{"version":"0.7.2+1","pubspec":{"description":"A composable, Future-based API for making HTTP requests.","author":"Dart Team <misc@dartlang.org>","environment":{"sdk":">=0.7.2+1"},"dependencies":{"path":"any"},"version":"0.7.2+1","dev_dependencies":{"unittest":"any"},"homepage":"http://www.dartlang.org","name":"http"},"archive_url":"https://pub.dev/api/archives/http-0.7.2%2B1.tar.gz","archive_sha256":"4a96634949d5baa22e44f2736fe156abf79c0702d29c88dee0b3d89eea81761e","published":"2013-09-08T15:47:55.129370Z"},{"version":"0.7.3+1","pubspec":{"description":"A composable, Future-based API for making HTTP requests.","author":"Dart Team <misc@dartlang.org>","environment":{"sdk":">=0.7.3+1"},"dependencies":{"path":"any"},"version":"0.7.3+1","dev_dependencies":{"unittest":"any"},"homepage":"http://www.dartlang.org","name":"http"},"archive_url":"https://pub.dev/api/archives/http-0.7.3%2B1.tar.gz","archive_sha256":"fa92e7dd31cd160bb2bee8d2c66ea33e8b7c669e6a5d7cd6a460ad4130582819","published":"2013-09-16T15:44:42.775550Z"},{"version":"0.7.4","pubspec":{"description":"A composable, Future-based API for making HTTP requests.","author":"Dart Team <misc@dartlang.org>","environment":{"sdk":">=0.7.4"},"dependencies":{"path":"any"},"version":"0.7.4","dev_dependencies":{"unittest":"any"},"homepage":"http://www.dartlang.org","name":"http"},"archive_url":"https://pub.dev/api/archives/http-0.7.4.tar.gz","archive_sha256":"8719d25118dafb0062bc5f1d0892abe25457039f94d59789f75dbb60ffb2603e","published":"2013-09-18T03:04:22.243280Z"},{"version":"0.7.5","pubspec":{"description":"A composable, Future-based API for making HTTP requests.","author":"Dart Team <misc@dartlang.org>","environment":{"sdk":">=0.7.5"},"dependencies":{"path":"any"},"version":"0.7.5","dev_dependencies":{"unittest":"any"},"homepage":"http://www.dartlang.org","name":"http"},"archive_url":"https://pub.dev/api/archives/http-0.7.5.tar.gz","archive_sha256":"527bb35203c133993f8d980ecdfe710c2b0b3cd15748c6cccca8705ff65a14a3","published":"2013-09-21T00:42:40.676210Z"},{"version":"0.7.6","pubspec":{"description":"A composable, Future-based API for making HTTP requests.","author":"Dart Team <misc@dartlang.org>","environment":{"sdk":">=0.7.6"},"dependencies":{"path":"any"},"version":"0.7.6","dev_dependencies":{"unittest":"any"},"homepage":"http://www.dartlang.org","name":"http"},"archive_url":"https://pub.dev/api/archives/http-0.7.6.tar.gz","archive_sha256":"71005d768492e731131dc212d22bea1305219c91816b24138504dfb9ec4b2931","published":"2013-09-27T14:58:08.529440Z"},{"version":"0.7.6+4","pubspec":{"description":"A composable, Future-based API for making HTTP requests.","author":"Dart Team <misc@dartlang.org>","environment":{"sdk":">=0.7.6+4"},"dependencies":{"path":"any"},"version":"0.7.6+4","dev_dependencies":{"unittest":"any"},"homepage":"http://www.dartlang.org","name":"http"},"archive_url":"https://pub.dev/api/archives/http-0.7.6%2B4.tar.gz","archive_sha256":"5ce1f88ef01c06b5ff8b924b9f2487626b1fc8da6c9cb2d26a1a63fb7808f3b0","published":"2013-10-01T23:49:17.252100Z"},{"version":"0.8.0","pubspec":{"description":"A composable, Future-based API for making HTTP requests.","author":"Dart Team <misc@dartlang.org>","environment":{"sdk":">=0.8.0"},"dependencies":{"path":"any"},"version":"0.8.0","dev_dependencies":{"unittest":"any"},"homepage":"http://www.dartlang.org","name":"http"},"archive_url":"https://pub.dev/api/archives/http-0.8.0.tar.gz","archive_sha256":"9ac49b877105b3cbc2ae5c9dce77a75406183f088a00df2b6a3d9d9234e65e94","published":"2013-10-03T16:28:03.711920Z"},{"version":"0.8.1","pubspec":{"description":"A composable, Future-based API for making HTTP requests.","author":"Dart Team <misc@dartlang.org>","environment":{"sdk":">=0.8.1"},"dependencies":{"path":"any"},"version":"0.8.1","dev_dependencies":{"unittest":"any"},"homepage":"http://www.dartlang.org","name":"http"},"archive_url":"https://pub.dev/api/archives/http-0.8.1.tar.gz","archive_sha256":"98d172107989bc75070ae11a66c894940c704ce2ae53a9aafef2b72f538d8aa3","published":"2013-10-04T21:54:50.308390Z"},{"version":"0.8.2","pubspec":{"description":"A composable, Future-based API for making HTTP requests.","author":"Dart Team <misc@dartlang.org>","environment":{"sdk":">=0.8.2"},"dependencies":{"path":"any"},"version":"0.8.2","dev_dependencies":{"unittest":"any"},"homepage":"http://www.dartlang.org","name":"http"},"archive_url":"https://pub.dev/api/archives/http-0.8.2.tar.gz","archive_sha256":"c142b973513ab451eca99b5ce2b63abfd6f8e5d55c8a2071c878f4f8a57db066","published":"2013-10-14T21:41:08.434730Z"},{"version":"0.8.3","pubspec":{"description":"A composable, Future-based API for making HTTP requests.","author":"Dart Team <misc@dartlang.org>","environment":{"sdk":">=0.8.3"},"dependencies":{"path":"any"},"version":"0.8.3","dev_dependencies":{"unittest":"any"},"homepage":"http://www.dartlang.org","name":"http"},"archive_url":"https://pub.dev/api/archives/http-0.8.3.tar.gz","archive_sha256":"39c7e53a72bb18e2d773de9163e02c4d053f2f9e95a14e962c35ccd108e8596e","published":"2013-10-17T16:01:02.970520Z"},{"version":"0.8.4","pubspec":{"description":"A composable, Future-based API for making HTTP requests.","author":"Dart Team <misc@dartlang.org>","environment":{"sdk":">=0.8.4"},"dependencies":{"path":"any"},"version":"0.8.4","dev_dependencies":{"unittest":"any"},"homepage":"http://www.dartlang.org","name":"http"},"archive_url":"https://pub.dev/api/archives/http-0.8.4.tar.gz","archive_sha256":"1db87af824c626ceb2767d6cc50a551633da05b99ffab4704e5413a3f180a101","published":"2013-10-19T21:09:11.272850Z"},{"version":"0.8.5","pubspec":{"description":"A composable, Future-based API for making HTTP requests.","author":"Dart Team <misc@dartlang.org>","environment":{"sdk":">=0.8.5"},"dependencies":{"path":"any"},"version":"0.8.5","dev_dependencies":{"unittest":"any"},"homepage":"http://www.dartlang.org","name":"http"},"archive_url":"https://pub.dev/api/archives/http-0.8.5.tar.gz","archive_sha256":"64a94eaecc5d3aff2739785076b6e7f8f53f16e7ae232c21064ab907def05002","published":"2013-10-21T15:50:54.582150Z"},{"version":"0.8.6","pubspec":{"description":"A composable, Future-based API for making HTTP requests.","author":"Dart Team <misc@dartlang.org>","environment":{"sdk":">=0.8.6"},"dependencies":{"path":"any"},"version":"0.8.6","dev_dependencies":{"unittest":"any"},"homepage":"http://www.dartlang.org","name":"http"},"archive_url":"https://pub.dev/api/archives/http-0.8.6.tar.gz","archive_sha256":"87d069b2e9cd605ae658e91fc70bef54d095555cf190585f8d15bd878030e7cf","published":"2013-10-24T08:19:36.717680Z"},{"version":"0.8.7","pubspec":{"description":"A composable, Future-based API for making HTTP requests.","author":"Dart Team <misc@dartlang.org>","environment":{"sdk":">=0.8.7"},"dependencies":{"path":"any"},"version":"0.8.7","dev_dependencies":{"unittest":"any"},"homepage":"http://www.dartlang.org","name":"http"},"archive_url":"https://pub.dev/api/archives/http-0.8.7.tar.gz","archive_sha256":"131c4f09a1c9f9ee8049c7918c22ed3d3577d75e393efa59e4b7de791006e735","published":"2013-10-28T14:34:05.561100Z"},{"version":"0.8.8","pubspec":{"description":"A composable, Future-based API for making HTTP requests.","author":"Dart Team <misc@dartlang.org>","environment":{"sdk":">=0.8.8"},"dependencies":{"path":"any"},"version":"0.8.8","dev_dependencies":{"unittest":"any"},"homepage":"http://www.dartlang.org","name":"http"},"archive_url":"https://pub.dev/api/archives/http-0.8.8.tar.gz","archive_sha256":"7f7a86b94090fc9a183494c0914c44177f8c91a5d6307a793b4024ecb69ab53d","published":"2013-10-30T03:29:51.046880Z"},{"version":"0.8.9","pubspec":{"description":"A composable, Future-based API for making HTTP requests.","author":"Dart Team <misc@dartlang.org>","environment":{"sdk":">=0.8.9"},"dependencies":{"path":"any"},"version":"0.8.9","dev_dependencies":{"unittest":"any"},"homepage":"http://www.dartlang.org","name":"http"},"archive_url":"https://pub.dev/api/archives/http-0.8.9.tar.gz","archive_sha256":"d9d52ff512a1253e7df638040f9d973732d401a6423953f0c8b6ee6b187653d0","published":"2013-10-31T15:16:15.904600Z"},{"version":"0.8.10","pubspec":{"description":"A composable, Future-based API for making HTTP requests.","author":"Dart Team <misc@dartlang.org>","environment":{"sdk":">=0.8.10"},"dependencies":{"path":"any"},"version":"0.8.10","dev_dependencies":{"unittest":"any"},"homepage":"http://www.dartlang.org","name":"http"},"archive_url":"https://pub.dev/api/archives/http-0.8.10.tar.gz","archive_sha256":"588596511301b49c5a4acb0b088d7107291f95da406fd29c583b9ba44030afa2","published":"2013-11-01T19:23:36.436800Z"},{"version":"0.8.10+3","pubspec":{"description":"A composable, Future-based API for making HTTP requests.","author":"Dart Team <misc@dartlang.org>","environment":{"sdk":">=0.8.10+3"},"dependencies":{"path":"any"},"version":"0.8.10+3","dev_dependencies":{"unittest":"any"},"homepage":"http://www.dartlang.org","name":"http"},"archive_url":"https://pub.dev/api/archives/http-0.8.10%2B3.tar.gz","archive_sha256":"1e0310225c139beb508af6f07321b026301c18165d75cd6a1dcbcc9bfc24aa01","published":"2013-11-04T16:49:33.920360Z"},{"version":"0.8.10+4","pubspec":{"description":"A composable, Future-based API for making HTTP requests.","author":"Dart Team <misc@dartlang.org>","environment":{"sdk":">=0.8.10+4"},"dependencies":{"path":"any"},"version":"0.8.10+4","dev_dependencies":{"unittest":"any"},"homepage":"http://www.dartlang.org","name":"http"},"archive_url":"https://pub.dev/api/archives/http-0.8.10%2B4.tar.gz","archive_sha256":"f155eb7b2e6334442104ba44dc013dbb0595185c945ea2cc332e349f5c2188c4","published":"2013-11-05T16:05:46.644930Z"},{"version":"0.9.0","pubspec":{"description":"A composable, Future-based API for making HTTP requests.","author":"Dart Team <misc@dartlang.org>","environment":{"sdk":">=0.8.10+6 <2.0.0"},"version":"0.9.0","dependencies":{"path":">=0.9.0 <0.10.0"},"dev_dependencies":{"unittest":">=0.9.0 <0.10.0"},"homepage":"http://www.dartlang.org","name":"http"},"archive_url":"https://pub.dev/api/archives/http-0.9.0.tar.gz","archive_sha256":"6d933305a2764d14294e0aedd2dd7a446b550c281fe16dd936d3ca628ef3b0f5","published":"2013-11-06T19:32:02.078250Z"},{"version":"0.9.1","pubspec":{"description":"A composable, Future-based API for making HTTP requests.","author":"Dart Team <misc@dartlang.org>","environment":{"sdk":">=0.8.10+6 <2.0.0"},"version":"0.9.1","dependencies":{"path":">=0.9.0 <0.10.0","stack_trace":">=0.9.1 <0.10.0"},"dev_dependencies":{"unittest":">=0.9.0 <0.10.0"},"homepage":"https://pub.dartlang.org/packages/http","name":"http"},"archive_url":"https://pub.dev/api/archives/http-0.9.1.tar.gz","archive_sha256":"37072c91fada7d5b5701d708cc2793fba76e4057bcdd3ba8d293692387f10b90","published":"2013-12-09T20:53:40.583480Z"},{"version":"0.9.2","pubspec":{"description":"A composable, Future-based API for making HTTP requests.","author":"Dart Team <misc@dartlang.org>","environment":{"sdk":">=0.8.10+6 <2.0.0"},"version":"0.9.2","dependencies":{"path":">=0.9.0 <2.0.0","stack_trace":">=0.9.1 <0.10.0"},"dev_dependencies":{"unittest":">=0.9.0 <0.10.0"},"homepage":"https://pub.dartlang.org/packages/http","name":"http"},"archive_url":"https://pub.dev/api/archives/http-0.9.2.tar.gz","archive_sha256":"66e506682b6189bff1d05e7e13f00fb71d451cd4499bbd77195cf1c3b1339471","published":"2013-12-10T00:28:23.946Z"},{"version":"0.9.2+1","pubspec":{"description":"A composable, Future-based API for making HTTP requests.","author":"Dart Team <misc@dartlang.org>","environment":{"sdk":">=0.8.10+6 <2.0.0"},"version":"0.9.2+1","dependencies":{"path":">=0.9.0 <2.0.0","stack_trace":">=0.9.1 <0.10.0"},"dev_dependencies":{"unittest":">=0.9.0 <0.10.0"},"homepage":"https://pub.dartlang.org/packages/http","name":"http"},"archive_url":"https://pub.dev/api/archives/http-0.9.2%2B1.tar.gz","archive_sha256":"8b3ae4dd0143c0c63a122eee9022778d11a4ac80f0a5ab941c1617eb8eded059","published":"2014-01-13T22:16:04.669940Z"},{"version":"0.9.2+3","pubspec":{"description":"A composable, Future-based API for making HTTP requests.","author":"Dart Team <misc@dartlang.org>","environment":{"sdk":">=1.1.0 <2.0.0"},"version":"0.9.2+3","dependencies":{"path":">=0.9.0 <2.0.0","stack_trace":">=0.9.1 <0.10.0"},"dev_dependencies":{"unittest":">=0.9.0 <0.10.0"},"homepage":"https://pub.dartlang.org/packages/http","name":"http"},"archive_url":"https://pub.dev/api/archives/http-0.9.2%2B3.tar.gz","archive_sha256":"b30d10ed5e42bb5bc41e376206c38609073c2fb03eeca1779ca1d43166422906","published":"2014-01-16T20:50:50.977380Z"},{"version":"0.10.0","pubspec":{"description":"A composable, Future-based API for making HTTP requests.","author":"Dart Team <misc@dartlang.org>","environment":{"sdk":">=1.1.0 <2.0.0"},"version":"0.10.0","dependencies":{"path":">=0.9.0 <2.0.0","stack_trace":">=0.9.1 <0.10.0"},"dev_dependencies":{"unittest":">=0.9.0 <0.11.0"},"homepage":"https://pub.dartlang.org/packages/http","name":"http"},"archive_url":"https://pub.dev/api/archives/http-0.10.0.tar.gz","archive_sha256":"1f7a25a2faa549ee6007df14fb81012cbe900c3e4a9023af946d5626b5569f8e","published":"2014-03-31T21:37:10.731750Z"},{"version":"0.11.0","pubspec":{"description":"A composable, Future-based API for making HTTP requests.","author":"Dart Team <misc@dartlang.org>","environment":{"sdk":">=1.1.0 <2.0.0"},"version":"0.11.0","dependencies":{"path":">=0.9.0 <2.0.0","http_parser":">=0.0.1 <0.1.0","stack_trace":">=0.9.1 <0.10.0"},"dev_dependencies":{"unittest":">=0.9.0 <0.11.0"},"homepage":"https://pub.dartlang.org/packages/http","name":"http"},"archive_url":"https://pub.dev/api/archives/http-0.11.0.tar.gz","archive_sha256":"741320bed18c48b50bc61af6a00f67dfadca970be8af0c9a6334e0e3faa8ba91","published":"2014-05-05T19:38:16.872060Z"},{"version":"0.11.0+1","pubspec":{"description":"A composable, Future-based API for making HTTP requests.","author":"Dart Team <misc@dartlang.org>","environment":{"sdk":">=1.1.0 <2.0.0"},"version":"0.11.0+1","dependencies":{"path":">=0.9.0 <2.0.0","http_parser":">=0.0.1 <0.1.0","stack_trace":">=0.9.1 <0.10.0"},"dev_dependencies":{"unittest":">=0.9.0 <0.11.0"},"homepage":"https://pub.dartlang.org/packages/http","name":"http"},"archive_url":"https://pub.dev/api/archives/http-0.11.0%2B1.tar.gz","archive_sha256":"92662c2342106d5e7ea38fa3cb61d42119146fe002790fcf7744605d0be554f0","published":"2014-05-05T20:00:46.459440Z"},{"version":"0.11.1","pubspec":{"description":"A composable, Future-based API for making HTTP requests.","author":"Dart Team <misc@dartlang.org>","environment":{"sdk":">=1.1.0 <2.0.0"},"version":"0.11.1","dependencies":{"path":">=0.9.0 <2.0.0","http_parser":">=0.0.1 <0.1.0","stack_trace":">=0.9.1 <0.10.0"},"dev_dependencies":{"unittest":">=0.9.0 <0.11.0"},"homepage":"https://pub.dartlang.org/packages/http","name":"http"},"archive_url":"https://pub.dev/api/archives/http-0.11.1.tar.gz","archive_sha256":"d742b7e781216ab526834a429b559840711570c039951342a027b08b3d8f61dc","published":"2014-05-19T19:55:54.384500Z"},{"version":"0.11.1+1","pubspec":{"description":"A composable, Future-based API for making HTTP requests.","author":"Dart Team <misc@dartlang.org>","environment":{"sdk":">=1.1.0 <2.0.0"},"version":"0.11.1+1","dependencies":{"path":">=0.9.0 <2.0.0","http_parser":">=0.0.1 <0.1.0","stack_trace":">=0.9.1 <2.0.0"},"dev_dependencies":{"unittest":">=0.9.0 <0.11.0"},"homepage":"https://pub.dartlang.org/packages/http","name":"http"},"archive_url":"https://pub.dev/api/archives/http-0.11.1%2B1.tar.gz","archive_sha256":"e7d32de421ab6237012d8842517cf5e97aabecb328a5ecc2d32f08f74e924dc9","published":"2014-06-02T18:41:09.672320Z"},{"version":"0.11.1+3","pubspec":{"description":"A composable, Future-based API for making HTTP requests.","author":"Dart Team <misc@dartlang.org>","environment":{"sdk":">=1.1.0 <2.0.0"},"version":"0.11.1+3","dependencies":{"path":">=0.9.0 <2.0.0","http_parser":">=0.0.1 <0.1.0","stack_trace":">=0.9.1 <2.0.0"},"dev_dependencies":{"unittest":">=0.9.0 <0.12.0"},"homepage":"https://github.com/dart-lang/http","name":"http"},"archive_url":"https://pub.dev/api/archives/http-0.11.1%2B3.tar.gz","archive_sha256":"fb0227c71404ddedec4dbc98e8f51e6a5f3423ce20a1f83a3d151b6b0cef63d4","published":"2015-02-21T01:34:59.065120Z"},{"version":"0.11.2","pubspec":{"description":"A composable, Future-based API for making HTTP requests.","author":"Dart Team <misc@dartlang.org>","environment":{"sdk":">=1.1.0 <2.0.0"},"version":"0.11.2","dependencies":{"path":">=0.9.0 <2.0.0","http_parser":">=0.0.1 <0.1.0","stack_trace":">=0.9.1 <2.0.0"},"dev_dependencies":{"unittest":">=0.9.0 <0.12.0"},"homepage":"https://github.com/dart-lang/http","name":"http"},"archive_url":"https://pub.dev/api/archives/http-0.11.2.tar.gz","archive_sha256":"ed09f69fa940e6265e5edd1c0ad95100c792ca96f48319c1545f88917c1e0d4b","published":"2015-04-06T19:34:47.232430Z"},{"version":"0.11.3","pubspec":{"version":"0.11.3","name":"http","dependencies":{"stack_trace":">=0.9.1 <2.0.0","http_parser":">=0.0.1 <0.1.0","path":">=0.9.0 <2.0.0"},"author":"Dart Team <misc@dartlang.org>","description":"A composable, Future-based API for making HTTP requests.","environment":{"sdk":">=1.1.0 <2.0.0"},"homepage":"https://github.com/dart-lang/http","dev_dependencies":{"unittest":">=0.9.0 <0.12.0"}},"archive_url":"https://pub.dev/api/archives/http-0.11.3.tar.gz","archive_sha256":"0c3dc6d3289ed6012b5767053dd8aa281b41b54db46fd61fedc304e495300d08","published":"2015-07-20T21:42:00.129Z"},{"version":"0.11.3+1","pubspec":{"version":"0.11.3+1","name":"http","dependencies":{"stack_trace":">=0.9.1 <2.0.0","http_parser":">=0.0.1 <2.0.0","path":">=0.9.0 <2.0.0"},"author":"Dart Team <misc@dartlang.org>","description":"A composable, Future-based API for making HTTP requests.","environment":{"sdk":">=1.1.0 <2.0.0"},"homepage":"https://github.com/dart-lang/http","dev_dependencies":{"unittest":">=0.9.0 <0.12.0"}},"archive_url":"https://pub.dev/api/archives/http-0.11.3%2B1.tar.gz","archive_sha256":"b2c94f2ba829b68cbc2ba59536002973c0d8cc656206005f4a2c8ee81f4b0c39","published":"2015-08-26T19:17:55.358Z"},{"version":"0.11.3+2","pubspec":{"version":"0.11.3+2","name":"http","dependencies":{"stack_trace":">=0.9.1 <2.0.0","http_parser":">=0.0.1 <2.0.0","path":">=0.9.0 <2.0.0"},"author":"Dart Team <misc@dartlang.org>","description":"A composable, Future-based API for making HTTP requests.","environment":{"sdk":">=1.9.0 <2.0.0"},"homepage":"https://github.com/dart-lang/http","dev_dependencies":{"unittest":">=0.9.0 <0.12.0"}},"archive_url":"https://pub.dev/api/archives/http-0.11.3%2B2.tar.gz","archive_sha256":"edce13688cc8224792d2e256504e761a53d255efbf7fbd3c28e642e987368c1c","published":"2015-08-28T01:10:44.818Z"},{"version":"0.11.3+3","pubspec":{"version":"0.11.3+3","name":"http","dependencies":{"stack_trace":">=0.9.1 <2.0.0","http_parser":">=0.0.1 <3.0.0","path":">=0.9.0 <2.0.0"},"author":"Dart Team <misc@dartlang.org>","description":"A composable, Future-based API for making HTTP requests.","environment":{"sdk":">=1.9.0 <2.0.0"},"homepage":"https://github.com/dart-lang/http","dev_dependencies":{"unittest":">=0.9.0 <0.12.0"}},"archive_url":"https://pub.dev/api/archives/http-0.11.3%2B3.tar.gz","archive_sha256":"880c9c562ac29e222e2fecb2a319c70c1754ad526450d352f966bcfefff5d6c8","published":"2015-12-14T22:20:34.738Z"},{"version":"0.11.3+4","pubspec":{"version":"0.11.3+4","name":"http","dependencies":{"stack_trace":">=0.9.1 <2.0.0","http_parser":">=0.0.1 <3.0.0","async":"^1.10.0","path":">=0.9.0 <2.0.0","collection":"^1.5.0"},"author":"Dart Team <misc@dartlang.org>","description":"A composable, Future-based API for making HTTP requests.","environment":{"sdk":">=1.9.0 <2.0.0"},"homepage":"https://github.com/dart-lang/http","dev_dependencies":{"unittest":">=0.9.0 <0.12.0"}},"archive_url":"https://pub.dev/api/archives/http-0.11.3%2B4.tar.gz","archive_sha256":"e106cf9b67f6f53683c3c8dff79f2aa3490c7d9a3e0fb02df724449d91371bd8","published":"2016-04-25T21:37:37.335Z"},{"version":"0.11.3+5","pubspec":{"version":"0.11.3+5","name":"http","dependencies":{"stack_trace":">=0.9.1 <2.0.0","http_parser":">=0.0.1 <3.0.0","async":"^1.10.0","path":">=0.9.0 <2.0.0","collection":"^1.5.0"},"author":"Dart Team <misc@dartlang.org>","description":"A composable, Future-based API for making HTTP requests.","environment":{"sdk":">=1.9.0 <2.0.0"},"homepage":"https://github.com/dart-lang/http","dev_dependencies":{"unittest":">=0.9.0 <0.12.0"}},"archive_url":"https://pub.dev/api/archives/http-0.11.3%2B5.tar.gz","archive_sha256":"94ed97e6911562fae4c68b41149e07d837622e31d6d18df2d2e7bd4b1c8053e5","published":"2016-04-26T22:52:28.944Z"},{"version":"0.11.3+6","pubspec":{"version":"0.11.3+6","name":"http","dependencies":{"stack_trace":">=0.9.1 <2.0.0","http_parser":">=0.0.1 <3.0.0","async":"^1.10.0","path":">=0.9.0 <2.0.0","collection":"^1.5.0"},"author":"Dart Team <misc@dartlang.org>","description":"A composable, Future-based API for making HTTP requests.","environment":{"sdk":">=1.9.0 <2.0.0"},"homepage":"https://github.com/dart-lang/http","dev_dependencies":{"unittest":">=0.9.0 <0.12.0"}},"archive_url":"https://pub.dev/api/archives/http-0.11.3%2B6.tar.gz","archive_sha256":"8d2887b7d647ee369e3a0931a3d2c4a48c439faafc8976fa7a6cee47bc4c1186","published":"2016-05-04T00:48:11.481Z"},{"version":"0.11.3+7","pubspec":{"version":"0.11.3+7","name":"http","dependencies":{"stack_trace":">=0.9.1 <2.0.0","http_parser":">=0.0.1 <4.0.0","async":"^1.10.0","path":">=0.9.0 <2.0.0","collection":"^1.5.0"},"author":"Dart Team <misc@dartlang.org>","description":"A composable, Future-based API for making HTTP requests.","environment":{"sdk":">=1.9.0 <2.0.0"},"homepage":"https://github.com/dart-lang/http","dev_dependencies":{"unittest":">=0.9.0 <0.12.0"}},"archive_url":"https://pub.dev/api/archives/http-0.11.3%2B7.tar.gz","archive_sha256":"28f349f3fcc1ea15e2ee118369aa8203bb2dce66ba1684a0fd8729aea7be19e3","published":"2016-05-05T17:24:33.718Z"},{"version":"0.11.3+8","pubspec":{"version":"0.11.3+8","name":"http","dependencies":{"stack_trace":">=0.9.1 <2.0.0","http_parser":">=0.0.1 <4.0.0","async":"^1.10.0","path":">=0.9.0 <2.0.0","collection":"^1.5.0"},"author":"Dart Team <misc@dartlang.org>","description":"A composable, Future-based API for making HTTP requests.","environment":{"sdk":">=1.9.0 <2.0.0"},"homepage":"https://github.com/dart-lang/http","dev_dependencies":{"unittest":">=0.9.0 <0.12.0"}},"archive_url":"https://pub.dev/api/archives/http-0.11.3%2B8.tar.gz","archive_sha256":"73e488a63ac761083920231d77be0bed1765543b2637d99951fc3f0e7ff33fae","published":"2016-07-06T22:51:40.054Z"},{"version":"0.11.3+9","pubspec":{"version":"0.11.3+9","name":"http","dependencies":{"stack_trace":">=0.9.1 <2.0.0","http_parser":">=0.0.1 <4.0.0","async":"^1.10.0","path":">=0.9.0 <2.0.0","collection":"^1.5.0"},"author":"Dart Team <misc@dartlang.org>","description":"A composable, Future-based API for making HTTP requests.","environment":{"sdk":">=1.9.0 <2.0.0"},"homepage":"https://github.com/dart-lang/http","dev_dependencies":{"unittest":">=0.9.0 <0.12.0"}},"archive_url":"https://pub.dev/api/archives/http-0.11.3%2B9.tar.gz","archive_sha256":"1d95188dfe3b1d03049410e6eeea4f785658635f440735266c855daae82e15c7","published":"2016-07-19T20:35:56.887Z"},{"version":"0.11.3+11","pubspec":{"version":"0.11.3+11","name":"http","dependencies":{"stack_trace":">=0.9.1 <2.0.0","http_parser":">=0.0.1 <4.0.0","async":"^1.10.0","path":">=0.9.0 <2.0.0","collection":"^1.5.0"},"author":"Dart Team <misc@dartlang.org>","description":"A composable, Future-based API for making HTTP requests.","environment":{"sdk":">=1.23.0-dev.0.0 <2.0.0"},"homepage":"https://github.com/dart-lang/http","dev_dependencies":{"unittest":">=0.9.0 <0.12.0"}},"archive_url":"https://pub.dev/api/archives/http-0.11.3%2B11.tar.gz","archive_sha256":"a3a8cff2dbfa285aab0de9811f54bb9424b3d293cf64fc63464355685fda2ae6","published":"2017-03-06T20:37:44.878Z"},{"version":"0.11.3+12","pubspec":{"version":"0.11.3+12","name":"http","dependencies":{"stack_trace":">=0.9.1 <2.0.0","http_parser":">=0.0.1 <4.0.0","async":"^1.10.0","path":">=0.9.0 <2.0.0","collection":"^1.5.0"},"author":"Dart Team <misc@dartlang.org>","description":"A composable, Future-based API for making HTTP requests.","environment":{"sdk":">=1.23.0-dev.0.0 <2.0.0"},"homepage":"https://github.com/dart-lang/http","dev_dependencies":{"unittest":">=0.9.0 <0.12.0"}},"archive_url":"https://pub.dev/api/archives/http-0.11.3%2B12.tar.gz","archive_sha256":"59404ff49002e580291d935c5d81392290f9d45ea791affd5a7f7ac3155fc3fb","published":"2017-03-07T20:59:01.247Z"},{"version":"0.11.3+13","pubspec":{"version":"0.11.3+13","name":"http","dependencies":{"stack_trace":">=0.9.1 <2.0.0","http_parser":">=0.0.1 <4.0.0","async":"^1.10.0","path":">=0.9.0 <2.0.0","collection":"^1.5.0"},"author":"Dart Team <misc@dartlang.org>","description":"A composable, Future-based API for making HTTP requests.","environment":{"sdk":">=1.23.0-dev.0.0 <2.0.0"},"homepage":"https://github.com/dart-lang/http","dev_dependencies":{"unittest":">=0.9.0 <0.12.0"}},"archive_url":"https://pub.dev/api/archives/http-0.11.3%2B13.tar.gz","archive_sha256":"922f1c6911f63cf03cd4b3390e9d1fb8fdd796e3bdde58304d6a4aae5bbe22ec","published":"2017-03-30T00:43:51.966246Z"},{"version":"0.11.3+14","pubspec":{"version":"0.11.3+14","name":"http","dependencies":{"stack_trace":">=0.9.1 <2.0.0","http_parser":">=0.0.1 <4.0.0","async":"^1.10.0","path":">=0.9.0 <2.0.0","collection":"^1.5.0"},"author":"Dart Team <misc@dartlang.org>","description":"A composable, Future-based API for making HTTP requests.","environment":{"sdk":">=1.23.0 <2.0.0"},"homepage":"https://github.com/dart-lang/http","dev_dependencies":{"unittest":">=0.9.0 <0.12.0"}},"archive_url":"https://pub.dev/api/archives/http-0.11.3%2B14.tar.gz","archive_sha256":"78ff6b44f728ac54317f810f384318b35f44131d5d1cef34127ae6b36adf750c","published":"2017-07-20T01:14:12.414504Z"},{"version":"0.11.3+15","pubspec":{"version":"0.11.3+15","name":"http","dependencies":{"stack_trace":">=0.9.1 <2.0.0","http_parser":">=0.0.1 <4.0.0","async":">=1.10.0 <3.0.0","path":">=0.9.0 <2.0.0","collection":"^1.5.0"},"author":"Dart Team <misc@dartlang.org>","description":"A composable, Future-based API for making HTTP requests.","environment":{"sdk":">=1.23.0 <2.0.0"},"homepage":"https://github.com/dart-lang/http","dev_dependencies":{"unittest":">=0.9.0 <0.12.0"}},"archive_url":"https://pub.dev/api/archives/http-0.11.3%2B15.tar.gz","archive_sha256":"9c7a44481fb62b1c5a7d55fb1b1d14b565e0f59be68f100dd656af33311bb56e","published":"2017-09-27T19:14:19.578515Z"},{"version":"0.11.3+16","pubspec":{"version":"0.11.3+16","name":"http","dependencies":{"http_parser":">=0.0.1 <4.0.0","async":">=1.10.0 <3.0.0","path":">=0.9.0 <2.0.0","collection":"^1.5.0"},"author":"Dart Team <misc@dartlang.org>","description":"A composable, Future-based API for making HTTP requests.","environment":{"sdk":">=1.23.0 <2.0.0"},"homepage":"https://github.com/dart-lang/http","dev_dependencies":{"unittest":">=0.9.0 <0.12.0"}},"archive_url":"https://pub.dev/api/archives/http-0.11.3%2B16.tar.gz","archive_sha256":"3eed9b045efeb3093282af3c1e39fffa3675963973d4735b54720de0fd56ef31","published":"2017-10-13T01:58:57.470739Z"},{"version":"0.11.3+17","pubspec":{"version":"0.11.3+17","name":"http","dependencies":{"http_parser":">=0.0.1 <4.0.0","async":">=1.10.0 <3.0.0","path":">=0.9.0 <2.0.0","collection":"^1.5.0"},"author":"Dart Team <misc@dartlang.org>","description":"A composable, Future-based API for making HTTP requests.","environment":{"sdk":">=2.0.0-dev.61.0 <3.0.0"},"homepage":"https://github.com/dart-lang/http","dev_dependencies":{"unittest":">=0.9.0 <0.12.0"}},"archive_url":"https://pub.dev/api/archives/http-0.11.3%2B17.tar.gz","archive_sha256":"b40f5f39f1d12d3c7977892fdf713a035745e8ce5e2451ee451ae22537d72d48","published":"2018-07-09T18:35:22.399135Z"},{"version":"0.12.0","pubspec":{"version":"0.12.0","name":"http","dependencies":{"http_parser":">=0.0.1 <4.0.0","async":">=1.10.0 <3.0.0","path":">=0.9.0 <2.0.0"},"author":"Dart Team <misc@dartlang.org>","description":"A composable, Future-based API for making HTTP requests.","homepage":"https://github.com/dart-lang/http","environment":{"sdk":">=2.0.0-dev.61.0 <3.0.0"},"dev_dependencies":{"test":"^1.3.0"}},"archive_url":"https://pub.dev/api/archives/http-0.12.0.tar.gz","archive_sha256":"900de10f40038cfbb6d594227731b0843c95f9b9932d525c7a8de5a89e077484","published":"2018-09-18T17:44:06.118054Z"},{"version":"0.12.0+1","pubspec":{"version":"0.12.0+1","name":"http","dependencies":{"http_parser":">=0.0.1 <4.0.0","async":">=1.10.0 <3.0.0","path":">=0.9.0 <2.0.0"},"author":"Dart Team <misc@dartlang.org>","description":"A composable, cross-platform, Future-based API for making HTTP requests.","homepage":"https://github.com/dart-lang/http","environment":{"sdk":">=2.0.0-dev.61.0 <3.0.0"},"dev_dependencies":{"test":"^1.3.0"}},"archive_url":"https://pub.dev/api/archives/http-0.12.0%2B1.tar.gz","archive_sha256":"a82ce5495627d8c6b947babb36dda80c66b893f292032db9d290f17a59956222","published":"2019-01-08T15:58:11.691905Z"},{"version":"0.12.0+2","pubspec":{"version":"0.12.0+2","name":"http","dependencies":{"http_parser":">=0.0.1 <4.0.0","pedantic":"^1.0.0","async":">=1.10.0 <3.0.0","path":">=0.9.0 <2.0.0"},"author":"Dart Team <misc@dartlang.org>","description":"A composable, cross-platform, Future-based API for making HTTP requests.","homepage":"https://github.com/dart-lang/http","environment":{"sdk":">=2.0.0-dev.61.0 <3.0.0"},"dev_dependencies":{"test":"^1.3.0"}},"archive_url":"https://pub.dev/api/archives/http-0.12.0%2B2.tar.gz","archive_sha256":"d7242032a4dbd7563409dc098b155368d843a2fc8d735c645359b691af481f68","published":"2019-04-03T19:08:49.211348Z"},{"version":"0.12.0+3","pubspec":{"name":"http","version":"0.12.0+3","homepage":"https://github.com/dart-lang/http","description":"A composable, multi-platform, Future-based API for HTTP requests.","environment":{"sdk":">=2.4.0 <3.0.0"},"dependencies":{"async":">=1.10.0 <3.0.0","http_parser":">=0.0.1 <4.0.0","path":">=0.9.0 <2.0.0","pedantic":"^1.0.0"},"dev_dependencies":{"test":"^1.3.0"}},"archive_url":"https://pub.dev/api/archives/http-0.12.0%2B3.tar.gz","archive_sha256":"3f47c4ae6a8e186f74eae41f0e54e8ff26d268bc4bba2f3f4489e05c354dea43","published":"2019-12-26T21:34:16.487708Z"},{"version":"0.12.0+4","pubspec":{"name":"http","version":"0.12.0+4","homepage":"https://github.com/dart-lang/http","description":"A composable, multi-platform, Future-based API for HTTP requests.","environment":{"sdk":">=2.4.0 <3.0.0"},"dependencies":{"async":">=1.10.0 <3.0.0","http_parser":">=0.0.1 <4.0.0","path":">=0.9.0 <2.0.0","pedantic":"^1.0.0"},"dev_dependencies":{"test":"^1.3.0"}},"archive_url":"https://pub.dev/api/archives/http-0.12.0%2B4.tar.gz","archive_sha256":"12a67c630798bf730dd26f897d3b85b679a857b7a5c53b8caeb7ddd557b693b1","published":"2020-01-07T00:24:18.974787Z"},{"version":"0.12.1","pubspec":{"name":"http","version":"0.12.1","homepage":"https://github.com/dart-lang/http","description":"A composable, multi-platform, Future-based API for HTTP requests.","environment":{"sdk":">=2.4.0 <3.0.0"},"dependencies":{"http_parser":">=0.0.1 <4.0.0","path":">=0.9.0 <2.0.0","pedantic":"^1.0.0"},"dev_dependencies":{"test":"^1.3.0"}},"archive_url":"https://pub.dev/api/archives/http-0.12.1.tar.gz","archive_sha256":"e7e8bfbe0a53d654860a5220b879e28beb174e3b6cc5fcc743a84f8f90923e70","published":"2020-04-27T22:39:14.240051Z"},{"version":"0.12.2","pubspec":{"name":"http","version":"0.12.2","homepage":"https://github.com/dart-lang/http","description":"A composable, multi-platform, Future-based API for HTTP requests.","environment":{"sdk":">=2.4.0 <3.0.0"},"dependencies":{"http_parser":">=0.0.1 <4.0.0","path":">=0.9.0 <2.0.0","pedantic":"^1.0.0"},"dev_dependencies":{"test":"^1.3.0"}},"archive_url":"https://pub.dev/api/archives/http-0.12.2.tar.gz","archive_sha256":"411262398b34f52b9baac4860a1aa6e4779037ba9289c19b4cd16928efa97a2b","published":"2020-07-16T18:19:52.932779Z"},{"version":"0.13.0-nullsafety.0","pubspec":{"name":"http","version":"0.13.0-nullsafety.0","homepage":"https://github.com/dart-lang/http","description":"A composable, multi-platform, Future-based API for HTTP requests.","environment":{"sdk":">=2.12.0-0 <3.0.0"},"dependencies":{"http_parser":"^4.0.0-nullsafety","meta":"^1.3.0-nullsafety.3","path":"^1.8.0-nullsafety.1","pedantic":"^1.10.0-nullsafety"},"dev_dependencies":{"shelf":"any","test":"^1.16.0-nullsafety.4"},"dependency_overrides":{"shelf":{"git":"git://github.com/dart-lang/shelf.git"}}},"archive_url":"https://pub.dev/api/archives/http-0.13.0-nullsafety.0.tar.gz","archive_sha256":"727b1eb9ce82ae802a2cbdc018d4df43cbf06a21412b0550039b9009a0f86808","published":"2021-01-29T00:24:55.449258Z"},{"version":"0.13.0","pubspec":{"name":"http","version":"0.13.0","homepage":"https://github.com/dart-lang/http","description":"A composable, multi-platform, Future-based API for HTTP requests.","environment":{"sdk":">=2.12.0-0 <3.0.0"},"dependencies":{"http_parser":"^4.0.0","meta":"^1.3.0","path":"^1.8.0","pedantic":"^1.10.0"},"dev_dependencies":{"shelf":"^1.0.0-nullsafety.0","test":"^1.16.0-nullsafety.4"}},"archive_url":"https://pub.dev/api/archives/http-0.13.0.tar.gz","archive_sha256":"0a48a4e44ec1b6a52eb93b12d129f5b74ee6dbb27703439c965f1bd86f7be59f","published":"2021-02-05T20:56:48.811109Z"},{"version":"0.13.1","pubspec":{"name":"http","version":"0.13.1","homepage":"https://github.com/dart-lang/http","description":"A composable, multi-platform, Future-based API for HTTP requests.","environment":{"sdk":">=2.12.0 <3.0.0"},"dependencies":{"http_parser":"^4.0.0","meta":"^1.3.0","path":"^1.8.0","pedantic":"^1.10.0"},"dev_dependencies":{"shelf":"^1.1.0","test":"^1.16.0"}},"archive_url":"https://pub.dev/api/archives/http-0.13.1.tar.gz","archive_sha256":"2e8cf3a1b5a97ec9f88ec74fce83a3e05196df027f382ba3f94403b75292fabf","published":"2021-03-19T16:21:26.916460Z"},{"version":"0.13.2","pubspec":{"name":"http","version":"0.13.2","homepage":"https://github.com/dart-lang/http","description":"A composable, multi-platform, Future-based API for HTTP requests.","environment":{"sdk":">=2.12.0 <3.0.0"},"dependencies":{"async":"^2.5.0","http_parser":"^4.0.0","meta":"^1.3.0","path":"^1.8.0","pedantic":"^1.10.0"},"dev_dependencies":{"fake_async":"^1.2.0","shelf":"^1.1.0","test":"^1.16.0"}},"archive_url":"https://pub.dev/api/archives/http-0.13.2.tar.gz","archive_sha256":"0c51a50c5ac87b08e5e98a12efbd24bb8367268021de0a13b99319275c15eb4a","published":"2021-04-28T16:37:14.116276Z"},{"version":"0.13.3","pubspec":{"name":"http","version":"0.13.3","homepage":"https://github.com/dart-lang/http","description":"A composable, multi-platform, Future-based API for HTTP requests.","environment":{"sdk":">=2.12.0 <3.0.0"},"dependencies":{"async":"^2.5.0","http_parser":"^4.0.0","meta":"^1.3.0","path":"^1.8.0","pedantic":"^1.10.0"},"dev_dependencies":{"fake_async":"^1.2.0","shelf":"^1.1.0","test":"^1.16.0"}},"archive_url":"https://pub.dev/api/archives/http-0.13.3.tar.gz","archive_sha256":"b6f1f143a71e1fe1b34670f1acd6f13960ade2557c96b87e127e0cf661969791","published":"2021-05-03T19:14:58.986938Z"},{"version":"0.13.4","pubspec":{"name":"http","version":"0.13.4","homepage":"https://github.com/dart-lang/http","description":"A composable, multi-platform, Future-based API for HTTP requests.","environment":{"sdk":">=2.14.0 <3.0.0"},"dependencies":{"async":"^2.5.0","http_parser":"^4.0.0","meta":"^1.3.0","path":"^1.8.0"},"dev_dependencies":{"fake_async":"^1.2.0","lints":"^1.0.0","shelf":"^1.1.0","test":"^1.16.0"}},"archive_url":"https://pub.dev/api/archives/http-0.13.4.tar.gz","archive_sha256":"2ed163531e071c2c6b7c659635112f24cb64ecbebf6af46b550d536c0b1aa112","published":"2021-10-04T13:31:21.823064Z"},{"version":"0.13.5","pubspec":{"name":"http","version":"0.13.5","description":"A composable, multi-platform, Future-based API for HTTP requests.","repository":"https://github.com/dart-lang/http/tree/master/pkgs/http","environment":{"sdk":">=2.14.0 <3.0.0"},"dependencies":{"async":"^2.5.0","http_parser":"^4.0.0","meta":"^1.3.0","path":"^1.8.0"},"dev_dependencies":{"fake_async":"^1.2.0","http_client_conformance_tests":{"path":"../http_client_conformance_tests/"},"lints":"^1.0.0","shelf":"^1.1.0","stream_channel":"^2.1.0","test":"^1.16.0"}},"archive_url":"https://pub.dev/api/archives/http-0.13.5.tar.gz","archive_sha256":"6aa2946395183537c8b880962d935877325d6a09a2867c3970c05c0fed6ac482","published":"2022-08-03T20:06:06.554830Z"},{"version":"0.13.6","pubspec":{"name":"http","version":"0.13.6","description":"A composable, multi-platform, Future-based API for HTTP requests.","repository":"https://github.com/dart-lang/http/tree/master/pkgs/http","environment":{"sdk":">=2.19.0 <3.0.0"},"dependencies":{"async":"^2.5.0","http_parser":"^4.0.0","meta":"^1.3.0"},"dev_dependencies":{"dart_flutter_team_lints":"^1.0.0","fake_async":"^1.2.0","http_client_conformance_tests":{"path":"../http_client_conformance_tests/"},"shelf":"^1.1.0","stream_channel":"^2.1.0","test":"^1.16.0"}},"archive_url":"https://pub.dev/api/archives/http-0.13.6.tar.gz","archive_sha256":"5895291c13fa8a3bd82e76d5627f69e0d85ca6a30dcac95c4ea19a5d555879c2","published":"2023-05-01T17:54:17.086948Z"},{"version":"1.0.0","pubspec":{"name":"http","version":"1.0.0","description":"A composable, multi-platform, Future-based API for HTTP requests.","repository":"https://github.com/dart-lang/http/tree/master/pkgs/http","environment":{"sdk":"^3.0.0"},"dependencies":{"async":"^2.5.0","http_parser":"^4.0.0","meta":"^1.3.0"},"dev_dependencies":{"dart_flutter_team_lints":"^1.0.0","fake_async":"^1.2.0","http_client_conformance_tests":{"path":"../http_client_conformance_tests/"},"shelf":"^1.1.0","stream_channel":"^2.1.0","test":"^1.16.0"}},"archive_url":"https://pub.dev/api/archives/http-1.0.0.tar.gz","archive_sha256":"4c3f04bfb64d3efd508d06b41b825542f08122d30bda4933fb95c069d22a4fa3","published":"2023-05-22T18:23:29.020741Z"},{"version":"1.1.0","pubspec":{"name":"http","version":"1.1.0","description":"A composable, multi-platform, Future-based API for HTTP requests.","repository":"https://github.com/dart-lang/http/tree/master/pkgs/http","environment":{"sdk":"^3.0.0"},"dependencies":{"async":"^2.5.0","http_parser":"^4.0.0","meta":"^1.3.0"},"dev_dependencies":{"dart_flutter_team_lints":"^1.0.0","fake_async":"^1.2.0","http_client_conformance_tests":{"path":"../http_client_conformance_tests/"},"shelf":"^1.1.0","stream_channel":"^2.1.0","test":"^1.16.0"}},"archive_url":"https://pub.dev/api/archives/http-1.1.0.tar.gz","archive_sha256":"759d1a329847dd0f39226c688d3e06a6b8679668e350e2891a6474f8b4bb8525","published":"2023-06-26T21:35:21.113941Z"},{"version":"1.1.1","pubspec":{"name":"http","version":"1.1.1","description":"A composable, multi-platform, Future-based API for HTTP requests.","repository":"https://github.com/dart-lang/http/tree/master/pkgs/http","environment":{"sdk":"^3.2.0"},"dependencies":{"async":"^2.5.0","http_parser":"^4.0.0","meta":"^1.3.0","web":"^0.4.0"},"dev_dependencies":{"dart_flutter_team_lints":"^1.0.0","fake_async":"^1.2.0","http_client_conformance_tests":{"path":"../http_client_conformance_tests/"},"shelf":"^1.1.0","stream_channel":"^2.1.0","test":"^1.16.0"}},"archive_url":"https://pub.dev/api/archives/http-1.1.1.tar.gz","archive_sha256":"38dce67ce909c338754840e2a1479c2c11347a2fc7ec3d5b166a5118a8a201db","published":"2023-11-21T22:57:18.111534Z"},{"version":"1.1.2","pubspec":{"name":"http","version":"1.1.2","description":"A composable, multi-platform, Future-based API for HTTP requests.","repository":"https://github.com/dart-lang/http/tree/master/pkgs/http","environment":{"sdk":"^3.2.0"},"dependencies":{"async":"^2.5.0","http_parser":"^4.0.0","meta":"^1.3.0","web":">=0.3.0 <0.5.0"},"dev_dependencies":{"dart_flutter_team_lints":"^2.0.0","fake_async":"^1.2.0","http_client_conformance_tests":{"path":"../http_client_conformance_tests/"},"shelf":"^1.1.0","stream_channel":"^2.1.0","test":"^1.16.0"}},"archive_url":"https://pub.dev/api/archives/http-1.1.2.tar.gz","archive_sha256":"d4872660c46d929f6b8a9ef4e7a7eff7e49bbf0c4ec3f385ee32df5119175139","published":"2023-11-27T17:26:58.457130Z"},{"version":"1.2.0","pubspec":{"name":"http","version":"1.2.0","description":"A composable, multi-platform, Future-based API for HTTP requests.","repository":"https://github.com/dart-lang/http/tree/master/pkgs/http","environment":{"sdk":"^3.2.0"},"dependencies":{"async":"^2.5.0","http_parser":"^4.0.0","meta":"^1.3.0","web":">=0.3.0 <0.5.0"},"dev_dependencies":{"dart_flutter_team_lints":"^2.0.0","fake_async":"^1.2.0","http_client_conformance_tests":{"path":"../http_client_conformance_tests/"},"shelf":"^1.1.0","stream_channel":"^2.1.0","test":"^1.16.0"}},"archive_url":"https://pub.dev/api/archives/http-1.2.0.tar.gz","archive_sha256":"a2bbf9d017fcced29139daa8ed2bba4ece450ab222871df93ca9eec6f80c34ba","published":"2024-01-16T22:46:38.816321Z"},{"version":"1.2.1","pubspec":{"name":"http","version":"1.2.1","description":"A composable, multi-platform, Future-based API for HTTP requests.","repository":"https://github.com/dart-lang/http/tree/master/pkgs/http","environment":{"sdk":"^3.3.0"},"dependencies":{"async":"^2.5.0","http_parser":"^4.0.0","meta":"^1.3.0","web":"^0.5.0"},"dev_dependencies":{"dart_flutter_team_lints":"^2.0.0","fake_async":"^1.2.0","http_client_conformance_tests":{"path":"../http_client_conformance_tests/"},"shelf":"^1.1.0","stream_channel":"^2.1.0","test":"^1.16.0"}},"archive_url":"https://pub.dev/api/archives/http-1.2.1.tar.gz","archive_sha256":"761a297c042deedc1ffbb156d6e2af13886bb305c2a343a4d972504cd67dd938","published":"2024-02-15T23:25:27.572746Z"},{"version":"1.2.2","pubspec":{"name":"http","version":"1.2.2","description":"A composable, multi-platform, Future-based API for HTTP requests.","repository":"https://github.com/dart-lang/http/tree/master/pkgs/http","topics":["http","network","protocols"],"environment":{"sdk":"^3.3.0"},"dependencies":{"async":"^2.5.0","http_parser":"^4.0.0","meta":"^1.3.0","web":">=0.5.0 <2.0.0"},"dev_dependencies":{"dart_flutter_team_lints":"^3.0.0","fake_async":"^1.2.0","http_client_conformance_tests":{"path":"../http_client_conformance_tests/"},"shelf":"^1.1.0","stream_channel":"^2.1.1","test":"^1.21.2"}},"archive_url":"https://pub.dev/api/archives/http-1.2.2.tar.gz","archive_sha256":"b9c29a161230ee03d3ccf545097fccd9b87a5264228c5d348202e0f0c28f9010","published":"2024-07-16T20:09:47.863320Z"},{"version":"1.3.0","pubspec":{"name":"http","version":"1.3.0","description":"A composable, multi-platform, Future-based API for HTTP requests.","repository":"https://github.com/dart-lang/http/tree/master/pkgs/http","topics":["http","network","protocols"],"environment":{"sdk":"^3.4.0"},"dependencies":{"async":"^2.5.0","http_parser":"^4.0.0","meta":"^1.3.0","web":">=0.5.0 <2.0.0"},"dev_dependencies":{"dart_flutter_team_lints":"^3.0.0","fake_async":"^1.2.0","http_client_conformance_tests":{"path":"../http_client_conformance_tests/"},"shelf":"^1.1.0","stream_channel":"^2.1.1","test":"^1.21.2"}},"archive_url":"https://pub.dev/api/archives/http-1.3.0.tar.gz","archive_sha256":"fe7ab022b76f3034adc518fb6ea04a82387620e19977665ea18d30a1cf43442f","published":"2025-01-21T00:32:28.622865Z"},{"version":"1.4.0","pubspec":{"name":"http","version":"1.4.0","description":"A composable, multi-platform, Future-based API for HTTP requests.","repository":"https://github.com/dart-lang/http/tree/master/pkgs/http","topics":["http","network","protocols"],"environment":{"sdk":"^3.4.0"},"dependencies":{"async":"^2.5.0","http_parser":"^4.0.0","meta":"^1.3.0","web":">=0.5.0 <2.0.0"},"dev_dependencies":{"dart_flutter_team_lints":"^3.0.0","fake_async":"^1.2.0","http_client_conformance_tests":{"path":"../http_client_conformance_tests/"},"shelf":"^1.1.0","stream_channel":"^2.1.1","test":"^1.21.2"}},"archive_url":"https://pub.dev/api/archives/http-1.4.0.tar.gz","archive_sha256":"2c11f3f94c687ee9bad77c171151672986360b2b001d109814ee7140b2cf261b","published":"2025-05-06T00:17:13.636460Z"},{"version":"1.5.0-beta","pubspec":{"name":"http","version":"1.5.0-beta","description":"A composable, multi-platform, Future-based API for HTTP requests.","repository":"https://github.com/dart-lang/http/tree/master/pkgs/http","topics":["http","network","protocols"],"environment":{"sdk":"^3.4.0"},"dependencies":{"async":"^2.5.0","http_parser":"^4.0.0","meta":"^1.3.0","web":">=0.5.0 <2.0.0"},"dev_dependencies":{"dart_flutter_team_lints":"^3.0.0","fake_async":"^1.2.0","http_client_conformance_tests":{"path":"../http_client_conformance_tests/"},"shelf":"^1.1.0","stream_channel":"^2.1.1","test":"^1.21.2"}},"archive_url":"https://pub.dev/api/archives/http-1.5.0-beta.tar.gz","archive_sha256":"559ab0d950643c9a04512f4c4bd1c435dcb5af1aa9c848f3bf5867347044328a","published":"2025-07-08T17:55:50.858454Z"},{"version":"1.5.0-beta.2","pubspec":{"name":"http","version":"1.5.0-beta.2","description":"A composable, multi-platform, Future-based API for HTTP requests.","repository":"https://github.com/dart-lang/http/tree/master/pkgs/http","topics":["http","network","protocols"],"environment":{"sdk":"^3.4.0"},"dependencies":{"async":"^2.5.0","http_parser":"^4.0.0","meta":"^1.3.0","web":">=0.5.0 <2.0.0"},"dev_dependencies":{"dart_flutter_team_lints":"^3.0.0","fake_async":"^1.2.0","http_client_conformance_tests":{"path":"../http_client_conformance_tests/"},"shelf":"^1.1.0","stream_channel":"^2.1.1","test":"^1.21.2"}},"archive_url":"https://pub.dev/api/archives/http-1.5.0-beta.2.tar.gz","archive_sha256":"85ab0074f9bf2b24625906d8382bbec84d3d6919d285ba9c106b07b65791fb99","published":"2025-07-15T23:37:56.942822Z"},{"version":"1.5.0","pubspec":{"name":"http","version":"1.5.0","description":"A composable, multi-platform, Future-based API for HTTP requests.","repository":"https://github.com/dart-lang/http/tree/master/pkgs/http","topics":["http","network","protocols"],"environment":{"sdk":"^3.4.0"},"dependencies":{"async":"^2.5.0","http_parser":"^4.0.0","meta":"^1.3.0","web":">=0.5.0 <2.0.0"},"dev_dependencies":{"dart_flutter_team_lints":"^3.0.0","fake_async":"^1.2.0","http_client_conformance_tests":{"path":"../http_client_conformance_tests/"},"shelf":"^1.1.0","stream_channel":"^2.1.1","test":"^1.21.2"}},"archive_url":"https://pub.dev/api/archives/http-1.5.0.tar.gz","archive_sha256":"bb2ce4590bc2667c96f318d68cac1b5a7987ec819351d32b1c987239a815e007","published":"2025-08-07T22:35:23.863279Z"},{"version":"1.6.0","pubspec":{"name":"http","version":"1.6.0","description":"A composable, multi-platform, Future-based API for HTTP requests.","repository":"https://github.com/dart-lang/http/tree/master/pkgs/http","topics":["http","network","protocols"],"environment":{"sdk":"^3.4.0"},"dependencies":{"async":"^2.5.0","http_parser":"^4.0.0","meta":"^1.3.0","web":">=0.5.0 <2.0.0"},"dev_dependencies":{"dart_flutter_team_lints":"^3.0.0","fake_async":"^1.2.0","http_client_conformance_tests":{"path":"../http_client_conformance_tests/"},"shelf":"^1.1.0","stream_channel":"^2.1.1","test":"^1.21.2"}},"archive_url":"https://pub.dev/api/archives/http-1.6.0.tar.gz","archive_sha256":"87721a4a50b19c7f1d49001e51409bddc46303966ce89a65af4f4e6004896412","published":"2025-11-10T18:27:56.434747Z"}],"advisoriesUpdated":"2026-05-04T16:03:47.124153Z","_fetchedAt":"2026-08-05T01:20:19.529662"}
MSG :   archive 3.6.1 (4.0.9 available)
    |   async 2.11.0 (2.13.1 available)
    |   boolean_selector 2.1.1 (2.1.2 available)
    |   characters 1.3.0 (1.4.1 available)
    |   clock 1.1.1 (1.1.2 available)
    |   collection 1.18.0 (1.19.1 available)
    |   cupertino_icons 1.0.8 (1.0.9 available)
    |   fake_async 1.3.1 (1.3.3 available)
    |   ffi 2.1.3 (2.2.0 available)
    |   file 7.0.0 (7.0.1 available)
    |   flutter_lints 4.0.0 (6.0.0 available)
    |   http_parser 4.0.2 (4.1.2 available)
    |   image 4.3.0 (4.9.1 available)
    |   intl 0.19.0 (0.20.3 available)
    |   leak_tracker 10.0.5 (11.0.2 available)
    |   leak_tracker_flutter_testing 3.0.5 (3.0.10 available)
    |   leak_tracker_testing 3.0.1 (3.0.2 available)
    |   lints 4.0.0 (6.1.0 available)
    |   matcher 0.12.16+1 (0.12.20 available)
    |   material_color_utilities 0.11.1 (0.13.0 available)
    |   meta 1.15.0 (1.19.0 available)
    |   path 1.9.0 (1.9.1 available)
    |   pdf 3.11.3 (3.13.0 available)
    |   petitparser 6.0.2 (7.0.2 available)
    |   platform 3.1.5 (3.1.6 available)
    |   printing 5.14.3 (5.15.0 available)
    |   process 5.0.2 (5.0.5 available)
    |   qr 3.0.2 (4.0.0 available)
    |   source_span 1.10.0 (1.10.2 available)
    |   sqflite 2.4.1 (2.4.3 available)
    |   sqflite_android 2.4.0 (2.4.3 available)
    |   sqflite_common 2.5.4+6 (2.5.11 available)
    |   sqflite_common_ffi 2.3.4+4 (2.4.2 available)
    |   sqflite_darwin 2.4.1+1 (2.4.3+1 available)
    |   sqflite_platform_interface 2.4.0 (2.4.1 available)
    |   sqlite3 2.9.4 (3.5.1 available)
    |   stack_trace 1.11.1 (1.12.1 available)
    |   stream_channel 2.1.2 (2.1.4 available)
    |   string_scanner 1.2.0 (1.4.1 available)
    |   synchronized 3.3.0+3 (3.4.1+1 available)
    |   term_glyph 1.2.1 (1.2.2 available)
    |   test_api 0.7.2 (0.7.13 available)
    |   vector_math 2.1.4 (2.4.2 available)
    |   vm_service 14.2.5 (15.2.0 available)
    |   webdriver 3.0.3 (3.1.0 available)
    |   xml 6.5.0 (7.0.1 available)
MSG : Got dependencies!
MSG : 46 packages have newer versions incompatible with dependency constraints.
    | Try `flutter pub outdated` for more information.
IO  : Writing 14496 characters to text file pubspec.lock.
FINE: Contents:
    | # Generated by pub
    | # See https://dart.dev/tools/pub/glossary#lockfile
    | packages:
    |   archive:
    |     dependency: "direct main"
    |     description:
    |       name: archive
    |       sha256: cb6a278ef2dbb298455e1a713bda08524a175630ec643a242c399c932a0a1f7d
    |       url: "https://pub.dev"
    |     source: hosted
    |     version: "3.6.1"
    |   async:
    |     dependency: transitive
    |     description:
    |       name: async
    |       sha256: "947bfcf187f74dbc5e146c9eb9c0f10c9f8b30743e341481c1e2ed3ecc18c20c"
    |       url: "https://pub.dev"
    |     source: hosted
    |     version: "2.11.0"
    |   barcode:
    |     dependency: transitive
    |     description:
    |       name: barcode
    |       sha256: "7b6729c37e3b7f34233e2318d866e8c48ddb46c1f7ad01ff7bb2a8de1da2b9f4"
    |       url: "https://pub.dev"
    |     source: hosted
    |     version: "2.2.9"
    |   bidi:
    |     dependency: transitive
    |     description:
    |       name: bidi
    |       sha256: "77f475165e94b261745cf1032c751e2032b8ed92ccb2bf5716036db79320637d"
    |       url: "https://pub.dev"
    |     source: hosted
    |     version: "2.0.13"
    |   boolean_selector:
    |     dependency: transitive
    |     description:
    |       name: boolean_selector
    |       sha256: "6cfb5af12253eaf2b368f07bacc5a80d1301a071c73360d746b7f2e32d762c66"
    |       url: "https://pub.dev"
    |     source: hosted
    |     version: "2.1.1"
    |   characters:
    |     dependency: transitive
    |     description:
    |       name: characters
    |       sha256: "04a925763edad70e8443c99234dc3328f442e811f1d8fd1a72f1c8ad0f69a605"
    |       url: "https://pub.dev"
    |     source: hosted
    |     version: "1.3.0"
    |   clock:
    |     dependency: transitive
    |     description:
    |       name: clock
    |       sha256: cb6d7f03e1de671e34607e909a7213e31d7752be4fb66a86d29fe1eb14bfb5cf
    |       url: "https://pub.dev"
    |     source: hosted
    |     version: "1.1.1"
    |   collection:
    |     dependency: transitive
    |     description:
    |       name: collection
    |       sha256: ee67cb0715911d28db6bf4af1026078bd6f0128b07a5f66fb2ed94ec6783c09a
    |       url: "https://pub.dev"
    |     source: hosted
    |     version: "1.18.0"
    |   crypto:
    |     dependency: "direct main"
    |     description:
    |       name: crypto
    |       sha256: c8ea0233063ba03258fbcf2ca4d6dadfefe14f02fab57702265467a19f27fadf
    |       url: "https://pub.dev"
    |     source: hosted
    |     version: "3.0.7"
    |   cupertino_icons:
    |     dependency: "direct main"
    |     description:
    |       name: cupertino_icons
    |       sha256: ba631d1c7f7bef6b729a622b7b752645a2d076dba9976925b8f25725a30e1ee6
    |       url: "https://pub.dev"
    |     source: hosted
    |     version: "1.0.8"
    |   fake_async:
    |     dependency: transitive
    |     description:
    |       name: fake_async
    |       sha256: "511392330127add0b769b75a987850d136345d9227c6b94c96a04cf4a391bf78"
    |       url: "https://pub.dev"
    |     source: hosted
    |     version: "1.3.1"
    |   ffi:
    |     dependency: transitive
    |     description:
    |       name: ffi
    |       sha256: "16ed7b077ef01ad6170a3d0c57caa4a112a38d7a2ed5602e0aca9ca6f3d98da6"
    |       url: "https://pub.dev"
    |     source: hosted
    |     version: "2.1.3"
    |   file:
    |     dependency: transitive
    |     description:
    |       name: file
    |       sha256: "5fc22d7c25582e38ad9a8515372cd9a93834027aacf1801cf01164dac0ffa08c"
    |       url: "https://pub.dev"
    |     source: hosted
    |     version: "7.0.0"
    |   flutter:
    |     dependency: "direct main"
    |     description: flutter
    |     source: sdk
    |     version: "0.0.0"
    |   flutter_driver:
    |     dependency: transitive
    |     description: flutter
    |     source: sdk
    |     version: "0.0.0"
    |   flutter_lints:
    |     dependency: "direct dev"
    |     description:
    |       name: flutter_lints
    |       sha256: "3f41d009ba7172d5ff9be5f6e6e6abb4300e263aab8866d2a0842ed2a70f8f0c"
    |       url: "https://pub.dev"
    |     source: hosted
    |     version: "4.0.0"
    |   flutter_localizations:
    |     dependency: "direct main"
    |     description: flutter
    |     source: sdk
    |     version: "0.0.0"
    |   flutter_test:
    |     dependency: "direct dev"
    |     description: flutter
    |     source: sdk
    |     version: "0.0.0"
    |   flutter_web_plugins:
    |     dependency: transitive
    |     description: flutter
    |     source: sdk
    |     version: "0.0.0"
    |   fuchsia_remote_debug_protocol:
    |     dependency: transitive
    |     description: flutter
    |     source: sdk
    |     version: "0.0.0"
    |   http:
    |     dependency: transitive
    |     description:
    |       name: http
    |       sha256: "87721a4a50b19c7f1d49001e51409bddc46303966ce89a65af4f4e6004896412"
    |       url: "https://pub.dev"
    |     source: hosted
    |     version: "1.6.0"
    |   http_parser:
    |     dependency: transitive
    |     description:
    |       name: http_parser
    |       sha256: "2aa08ce0341cc9b354a498388e30986515406668dbcc4f7c950c3e715496693b"
    |       url: "https://pub.dev"
    |     source: hosted
    |     version: "4.0.2"
    |   image:
    |     dependency: transitive
    |     description:
    |       name: image
    |       sha256: f31d52537dc417fdcde36088fdf11d191026fd5e4fae742491ebd40e5a8bea7d
    |       url: "https://pub.dev"
    |     source: hosted
    |     version: "4.3.0"
    |   integration_test:
    |     dependency: "direct dev"
    |     description: flutter
    |     source: sdk
    |     version: "0.0.0"
    |   intl:
    |     dependency: "direct main"
    |     description:
    |       name: intl
    |       sha256: d6f56758b7d3014a48af9701c085700aac781a92a87a62b1333b46d8879661cf
    |       url: "https://pub.dev"
    |     source: hosted
    |     version: "0.19.0"
    |   leak_tracker:
    |     dependency: transitive
    |     description:
    |       name: leak_tracker
    |       sha256: "3f87a60e8c63aecc975dda1ceedbc8f24de75f09e4856ea27daf8958f2f0ce05"
    |       url: "https://pub.dev"
    |     source: hosted
    |     version: "10.0.5"
    |   leak_tracker_flutter_testing:
    |     dependency: transitive
    |     description:
    |       name: leak_tracker_flutter_testing
    |       sha256: "932549fb305594d82d7183ecd9fa93463e9914e1b67cacc34bc40906594a1806"
    |       url: "https://pub.dev"
    |     source: hosted
    |     version: "3.0.5"
    |   leak_tracker_testing:
    |     dependency: transitive
    |     description:
    |       name: leak_tracker_testing
    |       sha256: "6ba465d5d76e67ddf503e1161d1f4a6bc42306f9d66ca1e8f079a47290fb06d3"
    |       url: "https://pub.dev"
    |     source: hosted
    |     version: "3.0.1"
    |   lints:
    |     dependency: transitive
    |     description:
    |       name: lints
    |       sha256: "976c774dd944a42e83e2467f4cc670daef7eed6295b10b36ae8c85bcbf828235"
    |       url: "https://pub.dev"
    |     source: hosted
    |     version: "4.0.0"
    |   matcher:
    |     dependency: transitive
    |     description:
    |       name: matcher
    |       sha256: d2323aa2060500f906aa31a895b4030b6da3ebdcc5619d14ce1aada65cd161cb
    |       url: "https://pub.dev"
    |     source: hosted
    |     version: "0.12.16+1"
    |   material_color_utilities:
    |     dependency: transitive
    |     description:
    |       name: material_color_utilities
    |       sha256: f7142bb1154231d7ea5f96bc7bde4bda2a0945d2806bb11670e30b850d56bdec
    |       url: "https://pub.dev"
    |     source: hosted
    |     version: "0.11.1"
    |   meta:
    |     dependency: transitive
    |     description:
    |       name: meta
    |       sha256: bdb68674043280c3428e9ec998512fb681678676b3c54e773629ffe74419f8c7
    |       url: "https://pub.dev"
    |     source: hosted
    |     version: "1.15.0"
    |   path:
    |     dependency: "direct main"
    |     description:
    |       name: path
    |       sha256: "087ce49c3f0dc39180befefc60fdb4acd8f8620e5682fe2476afd0b3688bb4af"
    |       url: "https://pub.dev"
    |     source: hosted
    |     version: "1.9.0"
    |   path_parsing:
    |     dependency: transitive
    |     description:
    |       name: path_parsing
    |       sha256: "883402936929eac138ee0a45da5b0f2c80f89913e6dc3bf77eb65b84b409c6ca"
    |       url: "https://pub.dev"
    |     source: hosted
    |     version: "1.1.0"
    |   pdf:
    |     dependency: "direct main"
    |     description:
    |       name: pdf
    |       sha256: "28eacad99bffcce2e05bba24e50153890ad0255294f4dd78a17075a2ba5c8416"
    |       url: "https://pub.dev"
    |     source: hosted
    |     version: "3.11.3"
    |   pdf_widget_wrapper:
    |     dependency: transitive
    |     description:
    |       name: pdf_widget_wrapper
    |       sha256: c930860d987213a3d58c7ec3b7ecf8085c3897f773e8dc23da9cae60a5d6d0f5
    |       url: "https://pub.dev"
    |     source: hosted
    |     version: "1.0.4"
    |   petitparser:
    |     dependency: transitive
    |     description:
    |       name: petitparser
    |       sha256: c15605cd28af66339f8eb6fbe0e541bfe2d1b72d5825efc6598f3e0a31b9ad27
    |       url: "https://pub.dev"
    |     source: hosted
    |     version: "6.0.2"
    |   platform:
    |     dependency: transitive
    |     description:
    |       name: platform
    |       sha256: "9b71283fc13df574056616011fb138fd3b793ea47cc509c189a6c3fa5f8a1a65"
    |       url: "https://pub.dev"
    |     source: hosted
    |     version: "3.1.5"
    |   plugin_platform_interface:
    |     dependency: transitive
    |     description:
    |       name: plugin_platform_interface
    |       sha256: "4820fbfdb9478b1ebae27888254d445073732dae3d6ea81f0b7e06d5dedc3f02"
    |       url: "https://pub.dev"
    |     source: hosted
    |     version: "2.1.8"
    |   printing:
    |     dependency: "direct main"
    |     description:
    |       name: printing
    |       sha256: "689170c9ddb1bda85826466ba80378aa8993486d3c959a71cd7d2d80cb606692"
    |       url: "https://pub.dev"
    |     source: hosted
    |     version: "5.14.3"
    |   process:
    |     dependency: transitive
    |     description:
    |       name: process
    |       sha256: "21e54fd2faf1b5bdd5102afd25012184a6793927648ea81eea80552ac9405b32"
    |       url: "https://pub.dev"
    |     source: hosted
    |     version: "5.0.2"
    |   qr:
    |     dependency: transitive
    |     description:
    |       name: qr
    |       sha256: "5a1d2586170e172b8a8c8470bbbffd5eb0cd38a66c0d77155ea138d3af3a4445"
    |       url: "https://pub.dev"
    |     source: hosted
    |     version: "3.0.2"
    |   sky_engine:
    |     dependency: transitive
    |     description: flutter
    |     source: sdk
    |     version: "0.0.99"
    |   source_span:
    |     dependency: transitive
    |     description:
    |       name: source_span
    |       sha256: "53e943d4206a5e30df338fd4c6e7a077e02254531b138a15aec3bd143c1a8b3c"
    |       url: "https://pub.dev"
    |     source: hosted
    |     version: "1.10.0"
    |   sqflite:
    |     dependency: "direct main"
    |     description:
    |       name: sqflite
    |       sha256: "2d7299468485dca85efeeadf5d38986909c5eb0cd71fd3db2c2f000e6c9454bb"
    |       url: "https://pub.dev"
    |     source: hosted
    |     version: "2.4.1"
    |   sqflite_android:
    |     dependency: transitive
    |     description:
    |       name: sqflite_android
    |       sha256: "78f489aab276260cdd26676d2169446c7ecd3484bbd5fead4ca14f3ed4dd9ee3"
    |       url: "https://pub.dev"
    |     source: hosted
    |     version: "2.4.0"
    |   sqflite_common:
    |     dependency: transitive
    |     description:
    |       name: sqflite_common
    |       sha256: "761b9740ecbd4d3e66b8916d784e581861fd3c3553eda85e167bc49fdb68f709"
    |       url: "https://pub.dev"
    |     source: hosted
    |     version: "2.5.4+6"
    |   sqflite_common_ffi:
    |     dependency: "direct main"
    |     description:
    |       name: sqflite_common_ffi
    |       sha256: "883dd810b2b49e6e8c3b980df1829ef550a94e3f87deab5d864917d27ca6bf36"
    |       url: "https://pub.dev"
    |     source: hosted
    |     version: "2.3.4+4"
    |   sqflite_darwin:
    |     dependency: transitive
    |     description:
    |       name: sqflite_darwin
    |       sha256: "22adfd9a2c7d634041e96d6241e6e1c8138ca6817018afc5d443fef91dcefa9c"
    |       url: "https://pub.dev"
    |     source: hosted
    |     version: "2.4.1+1"
    |   sqflite_platform_interface:
    |     dependency: transitive
    |     description:
    |       name: sqflite_platform_interface
    |       sha256: "8dd4515c7bdcae0a785b0062859336de775e8c65db81ae33dd5445f35be61920"
    |       url: "https://pub.dev"
    |     source: hosted
    |     version: "2.4.0"
    |   sqlite3:
    |     dependency: transitive
    |     description:
    |       name: sqlite3
    |       sha256: "3145bd74dcdb4fd6f5c6dda4d4e4490a8087d7f286a14dee5d37087290f0f8a2"
    |       url: "https://pub.dev"
    |     source: hosted
    |     version: "2.9.4"
    |   stack_trace:
    |     dependency: transitive
    |     description:
    |       name: stack_trace
    |       sha256: "73713990125a6d93122541237550ee3352a2d84baad52d375a4cad2eb9b7ce0b"
    |       url: "https://pub.dev"
    |     source: hosted
    |     version: "1.11.1"
    |   stream_channel:
    |     dependency: transitive
    |     description:
    |       name: stream_channel
    |       sha256: ba2aa5d8cc609d96bbb2899c28934f9e1af5cddbd60a827822ea467161eb54e7
    |       url: "https://pub.dev"
    |     source: hosted
    |     version: "2.1.2"
    |   string_scanner:
    |     dependency: transitive
    |     description:
    |       name: string_scanner
    |       sha256: "556692adab6cfa87322a115640c11f13cb77b3f076ddcc5d6ae3c20242bedcde"
    |       url: "https://pub.dev"
    |     source: hosted
    |     version: "1.2.0"
    |   sync_http:
    |     dependency: transitive
    |     description:
    |       name: sync_http
    |       sha256: "7f0cd72eca000d2e026bcd6f990b81d0ca06022ef4e32fb257b30d3d1014a961"
    |       url: "https://pub.dev"
    |     source: hosted
    |     version: "0.3.1"
    |   synchronized:
    |     dependency: transitive
    |     description:
    |       name: synchronized
    |       sha256: "69fe30f3a8b04a0be0c15ae6490fc859a78ef4c43ae2dd5e8a623d45bfcf9225"
    |       url: "https://pub.dev"
    |     source: hosted
    |     version: "3.3.0+3"
    |   term_glyph:
    |     dependency: transitive
    |     description:
    |       name: term_glyph
    |       sha256: a29248a84fbb7c79282b40b8c72a1209db169a2e0542bce341da992fe1bc7e84
    |       url: "https://pub.dev"
    |     source: hosted
    |     version: "1.2.1"
    |   test_api:
    |     dependency: transitive
    |     description:
    |       name: test_api
    |       sha256: "5b8a98dafc4d5c4c9c72d8b31ab2b23fc13422348d2997120294d3bac86b4ddb"
    |       url: "https://pub.dev"
    |     source: hosted
    |     version: "0.7.2"
    |   typed_data:
    |     dependency: transitive
    |     description:
    |       name: typed_data
    |       sha256: f9049c039ebfeb4cf7a7104a675823cd72dba8297f264b6637062516699fa006
    |       url: "https://pub.dev"
    |     source: hosted
    |     version: "1.4.0"
    |   vector_math:
    |     dependency: transitive
    |     description:
    |       name: vector_math
    |       sha256: "80b3257d1492ce4d091729e3a67a60407d227c27241d6927be0130c98e741803"
    |       url: "https://pub.dev"
    |     source: hosted
    |     version: "2.1.4"
    |   vm_service:
    |     dependency: transitive
    |     description:
    |       name: vm_service
    |       sha256: "5c5f338a667b4c644744b661f309fb8080bb94b18a7e91ef1dbd343bed00ed6d"
    |       url: "https://pub.dev"
    |     source: hosted
    |     version: "14.2.5"
    |   web:
    |     dependency: transitive
    |     description:
    |       name: web
    |       sha256: "868d88a33d8a87b18ffc05f9f030ba328ffefba92d6c127917a2ba740f9cfe4a"
    |       url: "https://pub.dev"
    |     source: hosted
    |     version: "1.1.1"
    |   webdriver:
    |     dependency: transitive
    |     description:
    |       name: webdriver
    |       sha256: "003d7da9519e1e5f329422b36c4dcdf18d7d2978d1ba099ea4e45ba490ed845e"
    |       url: "https://pub.dev"
    |     source: hosted
    |     version: "3.0.3"
    |   xml:
    |     dependency: "direct main"
    |     description:
    |       name: xml
    |       sha256: b015a8ad1c488f66851d762d3090a21c600e479dc75e68328c52774040cf9226
    |       url: "https://pub.dev"
    |     source: hosted
    |     version: "6.5.0"
    | sdks:
    |   dart: ">=3.5.4 <4.0.0"
    |   flutter: ">=3.24.0"
IO  : Writing 14735 characters to text file .dart_tool\package_config.json.
FINE: Contents:
    | {
    |   "configVersion": 2,
    |   "packages": [
    |     {
    |       "name": "archive",
    |       "rootUri": "file:///C:/dev/muaman-13i-environment-b-independent-pub-cache-root/hosted/pub.dev/archive-3.6.1",
    |       "packageUri": "lib/",
    |       "languageVersion": "3.0"
    |     },
    |     {
    |       "name": "async",
    |       "rootUri": "file:///C:/dev/muaman-13i-environment-b-independent-pub-cache-root/hosted/pub.dev/async-2.11.0",
    |       "packageUri": "lib/",
    |       "languageVersion": "2.18"
    |     },
    |     {
    |       "name": "barcode",
    |       "rootUri": "file:///C:/dev/muaman-13i-environment-b-independent-pub-cache-root/hosted/pub.dev/barcode-2.2.9",
    |       "packageUri": "lib/",
    |       "languageVersion": "2.12"
    |     },
    |     {
    |       "name": "bidi",
    |       "rootUri": "file:///C:/dev/muaman-13i-environment-b-independent-pub-cache-root/hosted/pub.dev/bidi-2.0.13",
    |       "packageUri": "lib/",
    |       "languageVersion": "2.12"
    |     },
    |     {
    |       "name": "boolean_selector",
    |       "rootUri": "file:///C:/dev/muaman-13i-environment-b-independent-pub-cache-root/hosted/pub.dev/boolean_selector-2.1.1",
    |       "packageUri": "lib/",
    |       "languageVersion": "2.17"
    |     },
    |     {
    |       "name": "characters",
    |       "rootUri": "file:///C:/dev/muaman-13i-environment-b-independent-pub-cache-root/hosted/pub.dev/characters-1.3.0",
    |       "packageUri": "lib/",
    |       "languageVersion": "2.12"
    |     },
    |     {
    |       "name": "clock",
    |       "rootUri": "file:///C:/dev/muaman-13i-environment-b-independent-pub-cache-root/hosted/pub.dev/clock-1.1.1",
    |       "packageUri": "lib/",
    |       "languageVersion": "2.12"
    |     },
    |     {
    |       "name": "collection",
    |       "rootUri": "file:///C:/dev/muaman-13i-environment-b-independent-pub-cache-root/hosted/pub.dev/collection-1.18.0",
    |       "packageUri": "lib/",
    |       "languageVersion": "2.18"
    |     },
    |     {
    |       "name": "crypto",
    |       "rootUri": "file:///C:/dev/muaman-13i-environment-b-independent-pub-cache-root/hosted/pub.dev/crypto-3.0.7",
    |       "packageUri": "lib/",
    |       "languageVersion": "3.4"
    |     },
    |     {
    |       "name": "cupertino_icons",
    |       "rootUri": "file:///C:/dev/muaman-13i-environment-b-independent-pub-cache-root/hosted/pub.dev/cupertino_icons-1.0.8",
    |       "packageUri": "lib/",
    |       "languageVersion": "3.1"
    |     },
    |     {
    |       "name": "fake_async",
    |       "rootUri": "file:///C:/dev/muaman-13i-environment-b-independent-pub-cache-root/hosted/pub.dev/fake_async-1.3.1",
    |       "packageUri": "lib/",
    |       "languageVersion": "2.12"
    |     },
    |     {
    |       "name": "ffi",
    |       "rootUri": "file:///C:/dev/muaman-13i-environment-b-independent-pub-cache-root/hosted/pub.dev/ffi-2.1.3",
    |       "packageUri": "lib/",
    |       "languageVersion": "3.3"
    |     },
    |     {
    |       "name": "file",
    |       "rootUri": "file:///C:/dev/muaman-13i-environment-b-independent-pub-cache-root/hosted/pub.dev/file-7.0.0",
    |       "packageUri": "lib/",
    |       "languageVersion": "3.0"
    |     },
    |     {
    |       "name": "flutter",
    |       "rootUri": "file:///C:/dev/muaman-13i-environment-b-independent-flutter-sdk-installation-root/sdk/packages/flutter",
    |       "packageUri": "lib/",
    |       "languageVersion": "3.3"
    |     },
    |     {
    |       "name": "flutter_driver",
    |       "rootUri": "file:///C:/dev/muaman-13i-environment-b-independent-flutter-sdk-installation-root/sdk/packages/flutter_driver",
    |       "packageUri": "lib/",
    |       "languageVersion": "3.2"
    |     },
    |     {
    |       "name": "flutter_lints",
    |       "rootUri": "file:///C:/dev/muaman-13i-environment-b-independent-pub-cache-root/hosted/pub.dev/flutter_lints-4.0.0",
    |       "packageUri": "lib/",
    |       "languageVersion": "3.1"
    |     },
    |     {
    |       "name": "flutter_localizations",
    |       "rootUri": "file:///C:/dev/muaman-13i-environment-b-independent-flutter-sdk-installation-root/sdk/packages/flutter_localizations",
    |       "packageUri": "lib/",
    |       "languageVersion": "3.2"
    |     },
    |     {
    |       "name": "flutter_test",
    |       "rootUri": "file:///C:/dev/muaman-13i-environment-b-independent-flutter-sdk-installation-root/sdk/packages/flutter_test",
    |       "packageUri": "lib/",
    |       "languageVersion": "3.3"
    |     },
    |     {
    |       "name": "flutter_web_plugins",
    |       "rootUri": "file:///C:/dev/muaman-13i-environment-b-independent-flutter-sdk-installation-root/sdk/packages/flutter_web_plugins",
    |       "packageUri": "lib/",
    |       "languageVersion": "3.2"
    |     },
    |     {
    |       "name": "fuchsia_remote_debug_protocol",
    |       "rootUri": "file:///C:/dev/muaman-13i-environment-b-independent-flutter-sdk-installation-root/sdk/packages/fuchsia_remote_debug_protocol",
    |       "packageUri": "lib/",
    |       "languageVersion": "3.2"
    |     },
    |     {
    |       "name": "http",
    |       "rootUri": "file:///C:/dev/muaman-13i-environment-b-independent-pub-cache-root/hosted/pub.dev/http-1.6.0",
    |       "packageUri": "lib/",
    |       "languageVersion": "3.4"
    |     },
    |     {
    |       "name": "http_parser",
    |       "rootUri": "file:///C:/dev/muaman-13i-environment-b-independent-pub-cache-root/hosted/pub.dev/http_parser-4.0.2",
    |       "packageUri": "lib/",
    |       "languageVersion": "2.12"
    |     },
    |     {
    |       "name": "image",
    |       "rootUri": "file:///C:/dev/muaman-13i-environment-b-independent-pub-cache-root/hosted/pub.dev/image-4.3.0",
    |       "packageUri": "lib/",
    |       "languageVersion": "2.15"
    |     },
    |     {
    |       "name": "integration_test",
    |       "rootUri": "file:///C:/dev/muaman-13i-environment-b-independent-flutter-sdk-installation-root/sdk/packages/integration_test",
    |       "packageUri": "lib/",
    |       "languageVersion": "3.2"
    |     },
    |     {
    |       "name": "intl",
    |       "rootUri": "file:///C:/dev/muaman-13i-environment-b-independent-pub-cache-root/hosted/pub.dev/intl-0.19.0",
    |       "packageUri": "lib/",
    |       "languageVersion": "3.0"
    |     },
    |     {
    |       "name": "leak_tracker",
    |       "rootUri": "file:///C:/dev/muaman-13i-environment-b-independent-pub-cache-root/hosted/pub.dev/leak_tracker-10.0.5",
    |       "packageUri": "lib/",
    |       "languageVersion": "3.2"
    |     },
    |     {
    |       "name": "leak_tracker_flutter_testing",
    |       "rootUri": "file:///C:/dev/muaman-13i-environment-b-independent-pub-cache-root/hosted/pub.dev/leak_tracker_flutter_testing-3.0.5",
    |       "packageUri": "lib/",
    |       "languageVersion": "3.2"
    |     },
    |     {
    |       "name": "leak_tracker_testing",
    |       "rootUri": "file:///C:/dev/muaman-13i-environment-b-independent-pub-cache-root/hosted/pub.dev/leak_tracker_testing-3.0.1",
    |       "packageUri": "lib/",
    |       "languageVersion": "3.2"
    |     },
    |     {
    |       "name": "lints",
    |       "rootUri": "file:///C:/dev/muaman-13i-environment-b-independent-pub-cache-root/hosted/pub.dev/lints-4.0.0",
    |       "packageUri": "lib/",
    |       "languageVersion": "3.1"
    |     },
    |     {
    |       "name": "matcher",
    |       "rootUri": "file:///C:/dev/muaman-13i-environment-b-independent-pub-cache-root/hosted/pub.dev/matcher-0.12.16+1",
    |       "packageUri": "lib/",
    |       "languageVersion": "3.0"
    |     },
    |     {
    |       "name": "material_color_utilities",
    |       "rootUri": "file:///C:/dev/muaman-13i-environment-b-independent-pub-cache-root/hosted/pub.dev/material_color_utilities-0.11.1",
    |       "packageUri": "lib/",
    |       "languageVersion": "2.17"
    |     },
    |     {
    |       "name": "meta",
    |       "rootUri": "file:///C:/dev/muaman-13i-environment-b-independent-pub-cache-root/hosted/pub.dev/meta-1.15.0",
    |       "packageUri": "lib/",
    |       "languageVersion": "2.12"
    |     },
    |     {
    |       "name": "path",
    |       "rootUri": "file:///C:/dev/muaman-13i-environment-b-independent-pub-cache-root/hosted/pub.dev/path-1.9.0",
    |       "packageUri": "lib/",
    |       "languageVersion": "3.0"
    |     },
    |     {
    |       "name": "path_parsing",
    |       "rootUri": "file:///C:/dev/muaman-13i-environment-b-independent-pub-cache-root/hosted/pub.dev/path_parsing-1.1.0",
    |       "packageUri": "lib/",
    |       "languageVersion": "3.3"
    |     },
    |     {
    |       "name": "pdf",
    |       "rootUri": "file:///C:/dev/muaman-13i-environment-b-independent-pub-cache-root/hosted/pub.dev/pdf-3.11.3",
    |       "packageUri": "lib/",
    |       "languageVersion": "2.19"
    |     },
    |     {
    |       "name": "pdf_widget_wrapper",
    |       "rootUri": "file:///C:/dev/muaman-13i-environment-b-independent-pub-cache-root/hosted/pub.dev/pdf_widget_wrapper-1.0.4",
    |       "packageUri": "lib/",
    |       "languageVersion": "2.18"
    |     },
    |     {
    |       "name": "petitparser",
    |       "rootUri": "file:///C:/dev/muaman-13i-environment-b-independent-pub-cache-root/hosted/pub.dev/petitparser-6.0.2",
    |       "packageUri": "lib/",
    |       "languageVersion": "3.2"
    |     },
    |     {
    |       "name": "platform",
    |       "rootUri": "file:///C:/dev/muaman-13i-environment-b-independent-pub-cache-root/hosted/pub.dev/platform-3.1.5",
    |       "packageUri": "lib/",
    |       "languageVersion": "3.2"
    |     },
    |     {
    |       "name": "plugin_platform_interface",
    |       "rootUri": "file:///C:/dev/muaman-13i-environment-b-independent-pub-cache-root/hosted/pub.dev/plugin_platform_interface-2.1.8",
    |       "packageUri": "lib/",
    |       "languageVersion": "3.0"
    |     },
    |     {
    |       "name": "printing",
    |       "rootUri": "file:///C:/dev/muaman-13i-environment-b-independent-pub-cache-root/hosted/pub.dev/printing-5.14.3",
    |       "packageUri": "lib/",
    |       "languageVersion": "3.3"
    |     },
    |     {
    |       "name": "process",
    |       "rootUri": "file:///C:/dev/muaman-13i-environment-b-independent-pub-cache-root/hosted/pub.dev/process-5.0.2",
    |       "packageUri": "lib/",
    |       "languageVersion": "3.0"
    |     },
    |     {
    |       "name": "qr",
    |       "rootUri": "file:///C:/dev/muaman-13i-environment-b-independent-pub-cache-root/hosted/pub.dev/qr-3.0.2",
    |       "packageUri": "lib/",
    |       "languageVersion": "3.4"
    |     },
    |     {
    |       "name": "sky_engine",
    |       "rootUri": "file:///C:/dev/muaman-13i-environment-b-independent-flutter-sdk-installation-root/sdk/bin/cache/pkg/sky_engine",
    |       "packageUri": "lib/",
    |       "languageVersion": "3.2"
    |     },
    |     {
    |       "name": "source_span",
    |       "rootUri": "file:///C:/dev/muaman-13i-environment-b-independent-pub-cache-root/hosted/pub.dev/source_span-1.10.0",
    |       "packageUri": "lib/",
    |       "languageVersion": "2.18"
    |     },
    |     {
    |       "name": "sqflite",
    |       "rootUri": "file:///C:/dev/muaman-13i-environment-b-independent-pub-cache-root/hosted/pub.dev/sqflite-2.4.1",
    |       "packageUri": "lib/",
    |       "languageVersion": "3.5"
    |     },
    |     {
    |       "name": "sqflite_android",
    |       "rootUri": "file:///C:/dev/muaman-13i-environment-b-independent-pub-cache-root/hosted/pub.dev/sqflite_android-2.4.0",
    |       "packageUri": "lib/",
    |       "languageVersion": "3.5"
    |     },
    |     {
    |       "name": "sqflite_common",
    |       "rootUri": "file:///C:/dev/muaman-13i-environment-b-independent-pub-cache-root/hosted/pub.dev/sqflite_common-2.5.4+6",
    |       "packageUri": "lib/",
    |       "languageVersion": "3.5"
    |     },
    |     {
    |       "name": "sqflite_common_ffi",
    |       "rootUri": "file:///C:/dev/muaman-13i-environment-b-independent-pub-cache-root/hosted/pub.dev/sqflite_common_ffi-2.3.4+4",
    |       "packageUri": "lib/",
    |       "languageVersion": "3.5"
    |     },
    |     {
    |       "name": "sqflite_darwin",
    |       "rootUri": "file:///C:/dev/muaman-13i-environment-b-independent-pub-cache-root/hosted/pub.dev/sqflite_darwin-2.4.1+1",
    |       "packageUri": "lib/",
    |       "languageVersion": "3.5"
    |     },
    |     {
    |       "name": "sqflite_platform_interface",
    |       "rootUri": "file:///C:/dev/muaman-13i-environment-b-independent-pub-cache-root/hosted/pub.dev/sqflite_platform_interface-2.4.0",
    |       "packageUri": "lib/",
    |       "languageVersion": "3.5"
    |     },
    |     {
    |       "name": "sqlite3",
    |       "rootUri": "file:///C:/dev/muaman-13i-environment-b-independent-pub-cache-root/hosted/pub.dev/sqlite3-2.9.4",
    |       "packageUri": "lib/",
    |       "languageVersion": "3.5"
    |     },
    |     {
    |       "name": "stack_trace",
    |       "rootUri": "file:///C:/dev/muaman-13i-environment-b-independent-pub-cache-root/hosted/pub.dev/stack_trace-1.11.1",
    |       "packageUri": "lib/",
    |       "languageVersion": "2.18"
    |     },
    |     {
    |       "name": "stream_channel",
    |       "rootUri": "file:///C:/dev/muaman-13i-environment-b-independent-pub-cache-root/hosted/pub.dev/stream_channel-2.1.2",
    |       "packageUri": "lib/",
    |       "languageVersion": "2.19"
    |     },
    |     {
    |       "name": "string_scanner",
    |       "rootUri": "file:///C:/dev/muaman-13i-environment-b-independent-pub-cache-root/hosted/pub.dev/string_scanner-1.2.0",
    |       "packageUri": "lib/",
    |       "languageVersion": "2.18"
    |     },
    |     {
    |       "name": "sync_http",
    |       "rootUri": "file:///C:/dev/muaman-13i-environment-b-independent-pub-cache-root/hosted/pub.dev/sync_http-0.3.1",
    |       "packageUri": "lib/",
    |       "languageVersion": "2.12"
    |     },
    |     {
    |       "name": "synchronized",
    |       "rootUri": "file:///C:/dev/muaman-13i-environment-b-independent-pub-cache-root/hosted/pub.dev/synchronized-3.3.0+3",
    |       "packageUri": "lib/",
    |       "languageVersion": "3.5"
    |     },
    |     {
    |       "name": "term_glyph",
    |       "rootUri": "file:///C:/dev/muaman-13i-environment-b-independent-pub-cache-root/hosted/pub.dev/term_glyph-1.2.1",
    |       "packageUri": "lib/",
    |       "languageVersion": "2.12"
    |     },
    |     {
    |       "name": "test_api",
    |       "rootUri": "file:///C:/dev/muaman-13i-environment-b-independent-pub-cache-root/hosted/pub.dev/test_api-0.7.2",
    |       "packageUri": "lib/",
    |       "languageVersion": "3.2"
    |     },
    |     {
    |       "name": "typed_data",
    |       "rootUri": "file:///C:/dev/muaman-13i-environment-b-independent-pub-cache-root/hosted/pub.dev/typed_data-1.4.0",
    |       "packageUri": "lib/",
    |       "languageVersion": "3.5"
    |     },
    |     {
    |       "name": "vector_math",
    |       "rootUri": "file:///C:/dev/muaman-13i-environment-b-independent-pub-cache-root/hosted/pub.dev/vector_math-2.1.4",
    |       "packageUri": "lib/",
    |       "languageVersion": "2.14"
    |     },
    |     {
    |       "name": "vm_service",
    |       "rootUri": "file:///C:/dev/muaman-13i-environment-b-independent-pub-cache-root/hosted/pub.dev/vm_service-14.2.5",
    |       "packageUri": "lib/",
    |       "languageVersion": "3.3"
    |     },
    |     {
    |       "name": "web",
    |       "rootUri": "file:///C:/dev/muaman-13i-environment-b-independent-pub-cache-root/hosted/pub.dev/web-1.1.1",
    |       "packageUri": "lib/",
    |       "languageVersion": "3.4"
    |     },
    |     {
    |       "name": "webdriver",
    |       "rootUri": "file:///C:/dev/muaman-13i-environment-b-independent-pub-cache-root/hosted/pub.dev/webdriver-3.0.3",
    |       "packageUri": "lib/",
    |       "languageVersion": "2.18"
    |     },
    |     {
    |       "name": "xml",
    |       "rootUri": "file:///C:/dev/muaman-13i-environment-b-independent-pub-cache-root/hosted/pub.dev/xml-6.5.0",
    |       "packageUri": "lib/",
    |       "languageVersion": "3.2"
    |     },
    |     {
    |       "name": "muaman_store",
    |       "rootUri": "../",
    |       "packageUri": "lib/",
    |       "languageVersion": "3.5"
    |     }
    |   ],
    |   "generated": "2026-08-04T22:20:19.596005Z",
    |   "generator": "pub",
    |   "generatorVersion": "3.5.4",
    |   "flutterRoot": "file:///C:/dev/muaman-13i-environment-b-independent-flutter-sdk-installation-root/sdk",
    |   "flutterVersion": "3.24.5",
    |   "pubCache": "file:///C:/dev/muaman-13i-environment-b-independent-pub-cache-root"
    | }
IO  : Writing 229662 characters to text file C:\dev\muaman-13i-environment-b-independent-pub-cache-root\log\pub_log.txt.
MSG : Logs written to C:\dev\muaman-13i-environment-b-independent-pub-cache-root\log\pub_log.txt.
[+2008 ms] Found plugin integration_test at C:\dev\muaman-13i-environment-b-independent-flutter-sdk-installation-root\sdk\packages\integration_test\
[  +72 ms] Found plugin printing at C:\dev\muaman-13i-environment-b-independent-pub-cache-root\hosted\pub.dev\printing-5.14.3\
[   +8 ms] Found plugin sqflite at C:\dev\muaman-13i-environment-b-independent-pub-cache-root\hosted\pub.dev\sqflite-2.4.1\
[   +2 ms] Found plugin sqflite_android at C:\dev\muaman-13i-environment-b-independent-pub-cache-root\hosted\pub.dev\sqflite_android-2.4.0\
[   +7 ms] Found plugin sqflite_darwin at C:\dev\muaman-13i-environment-b-independent-pub-cache-root\hosted\pub.dev\sqflite_darwin-2.4.1+1\
[  +93 ms] Found plugin integration_test at C:\dev\muaman-13i-environment-b-independent-flutter-sdk-installation-root\sdk\packages\integration_test\
[  +59 ms] Found plugin printing at C:\dev\muaman-13i-environment-b-independent-pub-cache-root\hosted\pub.dev\printing-5.14.3\
[  +10 ms] Found plugin sqflite at C:\dev\muaman-13i-environment-b-independent-pub-cache-root\hosted\pub.dev\sqflite-2.4.1\
[   +2 ms] Found plugin sqflite_android at C:\dev\muaman-13i-environment-b-independent-pub-cache-root\hosted\pub.dev\sqflite_android-2.4.0\
[   +4 ms] Found plugin sqflite_darwin at C:\dev\muaman-13i-environment-b-independent-pub-cache-root\hosted\pub.dev\sqflite_darwin-2.4.1+1\
[  +57 ms] Found plugin integration_test at C:\dev\muaman-13i-environment-b-independent-flutter-sdk-installation-root\sdk\packages\integration_test\
[  +35 ms] Found plugin printing at C:\dev\muaman-13i-environment-b-independent-pub-cache-root\hosted\pub.dev\printing-5.14.3\
[   +4 ms] Found plugin sqflite at C:\dev\muaman-13i-environment-b-independent-pub-cache-root\hosted\pub.dev\sqflite-2.4.1\
[   +1 ms] Found plugin sqflite_android at C:\dev\muaman-13i-environment-b-independent-pub-cache-root\hosted\pub.dev\sqflite_android-2.4.0\
[   +3 ms] Found plugin sqflite_darwin at C:\dev\muaman-13i-environment-b-independent-pub-cache-root\hosted\pub.dev\sqflite_darwin-2.4.1+1\
[  +23 ms] Generating C:\dev\muaman-13i-environment-b-independent-source-extraction-root\app\android\app\src\main\java\io\flutter\plugins\GeneratedPluginRegistrant.java
[  +43 ms] "flutter get" took 2,650ms.
[   +2 ms] ensureAnalyticsSent: 0ms
[        ] Running 1 shutdown hook
[        ] Shutdown hooks complete
[        ] exiting with code 0
